Gene,Diseases
ABCC4,ABCC4-related disorder; Prostate cancer
ABCG2,"ABCG2-related disorder; BLOOD GROUP, JUNIOR SYSTEM; Gemcitabine response; Hereditary breast ovarian cancer syndrome; URIC ACID CONCENTRATION, SERUM, QUANTITATIVE TRAIT LOCUS 1; rosuvastatin response - Efficacy; rosuvastatin response - Metabolism/PK"
ABL1,"ABL1-related congenital heart defects and skeletal malformations syndrome; ABL1-related disorder; Abnormal skeletal morphology; Cardiomyopathy; Chronic myelogenous leukemia, BCR-ABL1 positive; Cleft palate; Congenital heart defects and skeletal malformations syndrome; Congenital heart disease; Developmental disorder; Failure to thrive; Inborn genetic diseases; Leukemia, Philadelphia chromosome-positive, resistant to imatinib; Lip and oral cavity carcinoma; Microcephaly; Moyamoya angiopathy; Neurodevelopmental abnormality"
ACTR1A,NA
ACVR1,ACVR1-related disorder; Congenital heart disease; Epicanthus; Inborn genetic diseases; Multiple congenital anomalies/dysmorphic syndrome; Progressive myositis ossificans
ACVR1B,Carcinoma of pancreas; Dextro-looped transposition of the great arteries
ACVR2A,NA
ADAMTSL4-AS1,NA
ADGRA2,Ependymoma
AGO2,AGO2-related disorder; Inborn genetic diseases; Lessel-Kreienkamp syndrome; Neurodevelopmental disorder; Premature ovarian failure 3
AIM1L,NA
AIMP2,"AIMP2-related disorder; Inborn genetic diseases; Leukodystrophy, hypomyelinating, 17; Neurodevelopmental abnormality"
AKT1,AKT1-related disorder; Breast adenocarcinoma; Carcinoma of colon; Colorectal cancer; Cowden syndrome 6; Familial cancer of breast; Hereditary cancer; Inborn genetic diseases; Lung adenocarcinoma; Ovarian cancer; Ovarian neoplasm; Proteus syndrome; Schizophrenia; See cases; Squamous cell carcinoma
AKT2,AKT2-related disorder; Hypoinsulinemic hypoglycemia and body hemihypertrophy; Inborn genetic diseases; Type 2 diabetes mellitus
ALK,"ALK-related disorder; Diffuse midline glioma, H3 K27-altered; Diffuse pediatric-type high-grade glioma, H3-wildtype and IDH-wildtype; Familial isolated pituitary adenoma; Hereditary cancer-predisposing syndrome; Lung adenocarcinoma; Lung cancer; Multiple endocrine neoplasia type 2A; Neuroblastoma; Neuroblastoma, susceptibility to, 3; Ovarian cancer; Phonic tics; Pseudo-fractures; Rhabdomyosarcoma; Squamous cell lung carcinoma"
ALOX12B,ALOX12B-related disorder; Autosomal recessive congenital ichthyosis; Autosomal recessive congenital ichthyosis 2; Congenital ichthyosiform erythroderma; Congenital nonbullous ichthyosiform erythroderma; Ichthyosis; Ichthyosis and erythrokeratoderma; Inborn genetic diseases; Lamellar ichthyosis; Leukoencephalopathy with calcifications and cysts; Palmoplantar keratodermas; See cases
ALS2CR12,NA
ANKRD11,"ANKRD11-related disorder; Abnormal facial shape; Abnormality of the nervous system; Astigmatism; Atypical behavior; Autism spectrum disorder; Chromatinopathy; Clinodactyly of the 5th finger; Conductive hearing impairment; Cryptorchidism; Decreased total neutrophil count; Delayed speech and language development; Developmental disorder; Dystonia, early-onset, and/or spastic paraplegia; EBV-positive nodal T- and NK-cell lymphoma; Encephalopathy, progressive, early-onset, with episodic rhabdomyolysis; Epicanthus; Epilepsy; Esotropia; Global developmental delay; Hand tremor; Hypermetropia; Hypertelorism; Inborn genetic diseases; Intellectual disability; KBG syndrome; Macrocephaly; Moderate intellectual deficiency; Monogenic short statue; Multiple congenital anomalies/dysmorphic syndrome; Neurodevelopmental abnormality; Neurodevelopmental delay; Neurodevelopmental disorder; Obesity; Ptosis; Rare genetic intellectual disability; Retrognathia; See cases; Seizure; Short foot; Short palm; Sudden unexplained death in childhood; Unilateral cryptorchidism; Vascular disorder; Wide nasal bridge"
ANKRD49,NA
AR,"AR-related disorder; Absent axillary hair; Absent pubic hair; Androgen insensitivity, partial, with breast cancer; Androgen resistance syndrome; Aplasia of the uterus; Castleman-Kojima disease; Complete androgen insensitivity syndrome; Differences in sex development; Disorder of sexual differentiation; Familial prostate cancer; Female external genitalia in individual with 46,XY karyotype; Hypospadias 1, X-linked; Inborn genetic diseases; Kennedy disease; Male infertility; Male infertility with azoospermia or oligozoospermia due to single gene mutation; Non-obstructive azoospermia; Ovarian cancer; Partial androgen insensitivity syndrome; Posterior hypospadias; Prostate cancer; Prostate cancer susceptibility; Prostate cancer, hereditary, X-linked 3; Prostate cancer, somatic; Pure gonadal dysgenesis 46,XY; See cases"
ARAF,ARAF-related disorder; Lymphatic anomaly
ARFRP1,NA
ARHGAP9,"Coronary artery spasm 3, susceptibility to"
ARID1B,"ARID1B-Related Disorder; ARID1B-related BAFopathy; Abnormal speech pattern; Absent speech; Astrocytoma; Autism spectrum disorder; Autosomal dominant ARID1B-related disorders; Bilateral cryptorchidism; Blepharophimosis; Coffin Siris/Intellectual Disability; Coffin-Siris syndrome; Coffin-Siris syndrome 1; Congenital cerebellar hypoplasia; Constipation; Corpus callosum, agenesis of; Decreased body weight; Delayed speech and language development; Developmental disorder; Epilepsy; Failure to thrive; Global developmental delay; Hereditary ataxia; Hirsutism; Hypertrichosis; Inborn genetic diseases; Intellectual disability; Long eyelashes; Marfanoid habitus and intellectual disability; Medulloblastoma; Metabolic disease; Microcephaly; Moderate intellectual disability; Nail dysplasia; Neonatal hypotonia; Neurodevelopmental abnormality; Neurodevelopmental delay; Neurodevelopmental disorder; Neurofibromatosis, type 1; Nicolaides-Baraitser syndrome; Noonan syndrome; Pituitary stalk interruption syndrome; Rare genetic intellectual disability; Recurrent respiratory infections; Schizophrenia; See cases; Seizure; Severe combined immunodeficiency due to DCLRE1C deficiency; Short stature; Thick lower lip vermilion; Thin upper lip vermilion; Wiedemann-Steiner syndrome; dysmorphy; intellectual deficiency"
ARID2,"ARID2-related BAFopathy; ARID2-related disorder; Autism spectrum disorder; Castleman-Kojima disease; Chronic diarrhea; Coffin-Siris syndrome; Coffin-Siris syndrome 1; Coffin-Siris syndrome 6; Desmoplastic/nodular medulloblastoma; Developmental disorder; Dystonia, early-onset, and/or spastic paraplegia; Inborn genetic diseases; Microcephaly; Neurodevelopmental abnormality; Neurodevelopmental delay; Neurodevelopmental disorder; See cases"
ARID5B,ARID5B-related disorder; Abnormality of mouth size; Blue sclerae; Delayed speech and language development; Fetal growth restriction; Global developmental delay; Pes valgus; Prominent forehead; Retrognathia
ARVCF,COMT-related disorder; Long QT syndrome; Microcephaly; See cases; Tramadol response
ASXL1,"ASXL1-related disorder; Abnormal brain morphology; Abnormal corpus callosum morphology; Atypical chronic myeloid leukemia, BCR-ABL1 negative; Autism spectrum disorder; Bohring-Opitz syndrome; Cafe-au-lait spot; Congenital cerebellar hypoplasia; Delayed gross motor development; Delayed speech and language development; Developmental delay; Feeding difficulties; Floppy infant; Glabellar hemangioma; Global developmental delay; Hereditary cancer; Hypertonia; Hypertrichosis; Inborn genetic diseases; Intellectual disability; Juvenile myelomonocytic leukemia; Microcephaly; Moderate global developmental delay; Myelodysplasia; Myelodysplastic syndrome; Neurodevelopmental abnormality; Prominent metopic ridge; Rubinstein Taybi like syndrome; See cases; Seizure; Severe intellectual disability; Small for gestational age; dystrophia"
ASXL2,ASXL2-related disorder; Abnormal cerebellum morphology; Autism spectrum disorder; Developmental disorder; Inborn genetic diseases; Intellectual disability; Neurodevelopmental disorder; See cases; Severe hydrocephalus; Shashi-Pena syndrome; Syndromic intellectual disability; Vascular disorder
ATM,"ATM-related cancer predisposition; ATM-related cancer predisposition syndrome; ATM-related disorder; Abnormal central motor function; Adenocarcinoma; Astroblastoma, MN1-altered; Astrocytoma IDH-mutant; Ataxia - telangiectasia variant; Ataxia telangiectasi; Ataxia-telangiectasia syndrome; Ataxia-telangiectasia without immunodeficiency; B-cell non-Hodgkin lymphoma; BAP1-related tumor predisposition syndrome; Bilateral breast carcinoma; Bile duct cancer; Breast and/or ovarian cancer; Breast cancer, early-onset; Breast cancer, familial male; Breast cancer, susceptibility to; Breast carcinoma; Breast neoplasm; Breast-ovarian cancer, familial, susceptibility to, 1; Breast-ovarian cancer, familial, susceptibility to, 2; C11orf65-related disorder; CUP (carcinoma unknown primary) syndrome; Cancer or benign tumor; Carcinoma of colon; Carcinoma of pancreas; Cardiac valvular dysplasia, X-linked; Cerebellar ataxia; Childhood neoplasm; Clear cell carcinoma of kidney; Colon cancer; Colonic neoplasm; Colorectal cancer; Colorectal cancer, susceptibility to, 1; Colorectal polyposis; Conjunctival telangiectasia; Diffuse hemispheric glioma, H3 G34-mutant; Diffuse midline glioma, H3 K27-altered; Endometrial carcinoma; Familial cancer of breast; Familial colorectal cancer type X; Familial ovarian cancer; Familial pancreatic carcinoma; Familial prostate cancer; Gastric cancer; Glioblastoma; Hepatoblastoma; Hereditary breast ovarian cancer syndrome; Hereditary cancer; Hereditary cancer-predisposing syndrome; Immunodeficiency; Incidental Discovery; Inherited breast cancer and ovarian cancer; Inherited prostate cancer; Intellectual disability; Koolen-de Vries syndrome; Lung cancer; Lynch syndrome 1; Malignant glioma; Malignant neoplasm of brain; Malignant tumor of breast; Malignant tumor of pancreas; Malignant tumor of thyroid gland; Malignant tumor of urinary bladder; Mantle cell lymphoma; Microcephaly; Multifocal breast carcinoma; Multiple endocrine neoplasia, type 1; Multiple myeloma; NICE approved PARP inhibitor treatment; Neoplasm; Oculomotor apraxia; Ovarian cancer; Ovarian cancer, susceptibility to, 1; Ovarian carcinoma; Pancreatic Cancer Susceptibility 4; Pancreatic cancer, susceptibility to; Papillary renal cell carcinoma type 1; Papillary thyroid carcinoma; Prostate cancer; Prostate cancer susceptibility; See cases; Seizure; T-cell prolymphocytic leukemia; Tip-toe gait; Triple-negative breast carcinoma; Uterine corpus cancer"
ATR,ATR-X-related syndrome; ATR-related disorder; Cornelia de Lange syndrome 1; Familial cancer of breast; Familial cutaneous telangiectasia and oropharyngeal predisposition cancer syndrome; Hereditary cancer; Hereditary cancer-predisposing syndrome; Inborn genetic diseases; Malignant tumor of breast; Microcephaly; Seckel syndrome; Seckel syndrome 1; See cases
AURKA,"AURKA-related disorder; Colon cancer, susceptibility to; Colorectal cancer; Multiple myeloma"
AURKB,AURKB-related disorder; NK-cell enteropathy
AXIN1,AXIN1-related disorder; Caudal duplication; Craniometadiaphyseal osteosclerosis with hip dysplasia; EBV-positive nodal T- and NK-cell lymphoma; Hepatocellular carcinoma
AXIN2,"AXIN2-related attenuated familial adenomatous polyposis; AXIN2-related disorder; Aganglionic megacolon; Carcinoma of colon; Colorectal cancer; Colorectal carcinoma; Craniosynostosis syndrome; Ectodermal dysplasia; Hereditary cancer; Hereditary cancer-predisposing syndrome; Malignant tumor of breast; Non-syndromic oligodontia; Oligodontia; Oligodontia-cancer predisposition syndrome; Ovarian cancer; Tooth agenesis, selective, 1"
AXL,AXL-related disorder; Amenorrhea; Genetic non-acquired premature ovarian failure; Hypogonadotropic hypogonadism 7 with or without anosmia; NK-cell enteropathy
BABAM1,NA
BARD1,"Autosomal dominant BARD1-related disorders; BARD1-related cancer predisposition; BARD1-related disorder; Breast and/or ovarian cancer; Breast cancer, susceptibility to; Breast carcinoma; Breast neoplasm; Breast-ovarian cancer, familial, susceptibility to, 2; Carcinoma of colon; Endometrial carcinoma; Familial adenomatous polyposis 2; Familial cancer of breast; Familial ovarian cancer; Familial pancreatic carcinoma; Gastric cancer; Hepatoblastoma; Hereditary breast ovarian cancer syndrome; Hereditary cancer; Hereditary cancer-predisposing syndrome; Lung cancer; Malignant tumor of breast; Malignant tumor of thyroid gland; Multiple myeloma; Ovarian cancer; Ovarian neoplasm; Triple-Negative Breast Cancer Finding"
BBC3,NA
BCL10,"BCL10-related disorder; Carcinoma of colon; Follicular lymphoma; Germ cell tumor of testis; Immunodeficiency 37; Inborn genetic diseases; Lymphoma, non-Hodgkin, familial; MALE GERM CELL TUMOR, SOMATIC; Malignant tumor of testis; Mesothelioma; Mesothelioma, malignant; Mucosa-associated lymphoma; Sezary syndrome; T-cell acute lymphoblastic leukemia; Van Maldergem syndrome 2"
BCL2,BCL2-related disorder
BCL2L2,NA
BCL2L2-PABPN1,NA
BCL6,NA
BCOR,"Abnormal brain morphology; Acute myeloid leukemia; Anterior segment dysgenesis 8; BCOR-related disorder; Brachycephaly; Congenital anomaly of kidney and urinary tract; Congenital cerebellar hypoplasia; Corpus callosum, agenesis of; Developmental cataract; Glioblastoma; History of neurodevelopmental disorder; Inborn genetic diseases; Intellectual disability; Isolated anophthalmia-microphthalmia syndrome; Microcephaly; Microphthalmia, syndromic 1; Mild fetal ventriculomegaly; Oculofaciocardiodental syndrome; Oculofaciocardiodental syndrome (OFCD); X-linked BCOR-related disorders; sellar metastasis from primary bronchial carcinoid tumor"
BCORL1,BCORL1-related disorder; Global developmental delay; Intellectual disability; Multiple myeloma; Neurodevelopmental delay; Neurodevelopmental disorder; Oligoasthenoteratozoospermia; See cases; Shukla-Vernon syndrome
BCR,"Acute lymphoid leukemia; Chronic myelogenous leukemia, BCR-ABL1 positive"
BIRC3,Regional enteritis
BIRC5,EBV-positive nodal T- and NK-cell lymphoma
BIVM-ERCC5,NA
BLK,BLK-related disorder; Maturity-onset diabetes of the young type 11; Monogenic diabetes; Systemic lupus erythematosus
BLM,BLM-related disorder; Bloom syndrome; Colorectal cancer; Endometrial carcinoma; Familial cancer of breast; Hereditary breast ovarian cancer syndrome; Hereditary cancer; Hereditary cancer-predisposing syndrome; Hereditary disease; Microcephaly; Olaparib response; Ovarian cancer; See cases
BORCS8-MEF2B,"Neurodegeneration, infantile-onset, with optic atrophy and brain abnormalities"
BRAF,"Astrocytoma, low-grade, somatic; Ataxia-telangiectasia syndrome; BRAF-related disorder; BRAF-related spectrum disorder; Carcinoma of colon; Cardio-facio-cutaneous syndrome; Cardiofaciocutaneous syndrome 1; Cardiomyopathy; Cardiovascular phenotype; Cerebral arteriovenous malformation; Childhood ganglioglioma; Colorectal cancer; Congenital long QT syndrome; Costello syndrome; Cystic epithelial invagination containing papillae lined by columnar epithelium; Dabrafenib response; Dandy-Walker syndrome; Diffuse midline glioma, H3 K27-altered; Downslanted palpebral fissures; Endometrial carcinoma; Epidermal nevus; Familial cardiofaciocutaneous syndrome; Gallbladder cancer; Genetic syndrome with a Dandy-Walker malformation as major feature; Global developmental delay; High forehead; Hypertrophic cardiomyopathy; Hypertrophic cardiomyopathy 4; Inborn genetic diseases; Intellectual disability; LEOPARD syndrome 3; Lip and oral cavity carcinoma; Low-set, posteriorly rotated ears; Lung adenocarcinoma; Lung cancer; Lung carcinoma; Lymphangioma; Lymphatic malformation; Malignant lymphoma, large B-cell, diffuse; Malignant neoplastic disease; Melanoma; Melanoma, cutaneous malignant, susceptibility to, 1; Multiple congenital anomalies/dysmorphic syndrome; Multiple myeloma; Myoepithelial tumor; Neonatal respiratory distress; Neoplasm of the large intestine; Nephroblastoma; Neurodevelopmental delay; Non-Hodgkin lymphoma; Non-small cell lung carcinoma; Nongerminomatous germ cell tumor; Noonan syndrome; Noonan syndrome 1; Noonan syndrome 7; Noonan syndrome and Noonan-related syndrome; Noonan syndrome with multiple lentigines; PHACE syndrome; Papillary thyroid carcinoma; Premature birth; Primary dilated cardiomyopathy; Prostate cancer, hereditary, 1; Pulmonic stenosis; RASopathy; See cases; Tethered cord; Thyroid cancer, nonmedullary, 2; Vascular malformation; Ventricular hypertrophy; Ventricular septal defect; Von Hippel-Lindau syndrome; Webbed neck; Wide intermamillary distance"
BRCA1,"Abnormality of the ovary; BRCA1-related cancer predisposition; BRCA1-related disorder; Breast and colorectal cancer; Breast and/or ovarian cancer; Breast cancer, susceptibility to; Breast carcinoma; Breast ductal adenocarcinoma; Breast neoplasm; Breast-ovarian cancer, familial, susceptibility to, 1; Breast-ovarian cancer, familial, susceptibility to, 2; Burkitt lymphoma; Carcinoma of colon; Carcinoma of head of pancreas; Carcinoma of pancreas; Colorectal cancer; Colorectal cancer, susceptibility to, 1; Dysgerminoma; Endometrial carcinoma; Familial breast and ovarian cancer; Familial cancer of breast; Familial pancreatic carcinoma; Familial prostate cancer; Fanconi anemia complementation group A; Fanconi anemia, complementation group S; Gastric cancer; Hereditary breast ovarian cancer syndrome; Hereditary cancer; Hereditary cancer-predisposing syndrome; Infant-type hemispheric glioma; Infiltrating duct carcinoma of breast; Inherited breast cancer and ovarian cancer; Inherited ovarian cancer (without breast cancer); Inherited prostate cancer; Invasive medullary breast carcinoma; Low grade glioma; Lung cancer; Lynch syndrome 1; Malignant tumor of breast; Malignant tumor of pancreas; Malignant tumor of urinary bladder; NICE approved PARP inhibitor treatment; Ovarian cancer; Ovarian carcinoma; Ovarian neoplasm; Ovarian serous surface papillary adenocarcinoma; Pancreatic cancer, susceptibility to; Pancreatic cancer, susceptibility to, 4; Peritoneum cancer; Periventricular nodular heterotopia; Pilocytic astrocytoma; Polyposis syndrome, hereditary mixed, 1; Prostate cancer; Punctate palmoplantar keratoderma type 2; Rhabdomyosarcoma; See cases; Triple-negative breast cancer; Uterine corpus cancer; bilateral breast cancer"
BRCA2,"Ateleiotic dwarfism; Atypical teratoid rhabdoid tumor; BAP1-related tumor predisposition syndrome; BRCA2-related cancer predisposition; BRCA2-related disorder; Breast and/or ovarian cancer; Breast cancer, susceptibility to; Breast carcinoma; Breast ductal adenocarcinoma; Breast neoplasm; Breast-ovarian cancer, familial, susceptibility to, 1; Breast-ovarian cancer, familial, susceptibility to, 2; Cancer or benign tumor; Carcinoma of colon; Carcinoma of esophagus; Carcinoma of male breast; Carcinoma of pancreas; Cerebral palsy; Chordoma; Colorectal cancer; Diffuse intrinsic pontine glioma; Diffuse midline glioma, H3 K27-altered; Diffuse pediatric-type high-grade glioma, H3-wildtype and IDH-wildtype; EBV-positive nodal T- and NK-cell lymphoma; Endometrial cancer; Endometrial carcinoma; Esophageal atresia/tracheoesophageal fistula; FLG-related disorder; Familial cancer of breast; Familial colorectal cancer type X; Familial pancreatic carcinoma; Familial prostate cancer; Fanconi anemia; Fanconi anemia complementation group D1; Focal-onset seizure; Gastric cancer; Genetic non-acquired premature ovarian failure; Glioma susceptibility 3; Hearing impairment; Hepatoblastoma; Hereditary breast ovarian cancer syndrome; Hereditary cancer; Hereditary cancer-predisposing syndrome; Hereditary nonpolyposis colorectal carcinoma; Infiltrating duct carcinoma of breast; Inherited breast cancer and ovarian cancer; Inherited ovarian cancer (without breast cancer); Inherited prostate cancer; Intellectual disability; Invasive breast carcinoma; Invasive lobular breast carcinoma; Kabuki syndrome 1; Low grade glioma; Malignant lymphoma, large B-cell, diffuse; Malignant tumor of breast; Malignant tumor of esophagus; Malignant tumor of pancreas; Malignant tumor of urinary bladder; Medulloblastoma; Medulloblastoma SHH activated and TP53 wild-type; Medulloblastoma non-WNT/non-SHH; Melanoma; Melanoma, cutaneous malignant, susceptibility to, 1; Metastatic Prostate Small Cell Carcinoma; Microprolactinoma; Monogenic short statue; Multiple myeloma; NICE approved PARP inhibitor treatment; Nephroblastoma; Neuroblastoma; Neurodevelopmental delay; Neuroendocrine tumor of pancreas; Ovarian cancer; Ovarian neoplasm; Ovarian serous surface papillary adenocarcinoma; Pancreatic cancer, susceptibility to, 2; Pilocytic astrocytoma; Polydactyly; Polyposis syndrome, hereditary mixed, 1; Primary familial hypertrophic cardiomyopathy; Prostate cancer; Prostate neoplasm; Rhabdomyosarcoma; See cases; Uterine corpus cancer; Wilms tumor 1; bilateral breast cancer"
BRD3,Premature ovarian failure
BRF2,BRF2-related disorder; Prostate cancer
BRIP1,"BRIP1-associated familial cancer predisposition; BRIP1-related disorder; Breast and/or ovarian cancer; Breast cancer, early-onset; Breast carcinoma; Breast neoplasm; Breast-ovarian cancer, familial, susceptibility to, 1; Breast-ovarian cancer, familial, susceptibility to, 2; Carcinoma of colon; Carcinoma of pancreas; Cervical cancer; Colorectal cancer; Diffuse intrinsic pontine glioma; Esophageal atresia/tracheoesophageal fistula; Familial cancer of breast; Familial ovarian cancer; Fanconi anemia; Fanconi anemia complementation group D2; Fanconi anemia complementation group J; Gastric cancer; Genetic non-acquired premature ovarian failure; Hereditary breast ovarian cancer syndrome; Hereditary cancer; Hereditary cancer-predisposing syndrome; Hereditary skin disorder; Inherited ovarian cancer (without breast cancer); Malignant tumor of breast; Monogenic short stature; Neurodevelopmental delay; Ovarian Cancers; Ovarian cancer; Ovarian cancer, susceptibility to, 1; Ovarian neoplasm; Uterine corpus cancer"
BTK,"Agammaglobulinaemia with absent BTK expression; Autosomal recessive agammaglobulinemia 1; BTK-related disorder; Common variable immunodeficiency; EBV-positive nodal T- and NK-cell lymphoma; Inborn genetic diseases; Inherited Immunodeficiency Diseases; Malignant lymphoma, large B-cell, diffuse; X-linked agammaglobulinemia; X-linked agammaglobulinemia with growth hormone deficiency"
BYSL,NA
C11orf65,NA
C12orf43,NA
C1orf167,NA
C4A,Complement component 4a deficiency; Inborn genetic diseases
C8orf34,NA
CAHM,NA
CALR,CALR-related disorder; Primary myelofibrosis; Thrombocythemia 1
CARD11,Asthma; BENTA disease; CARD11-related disorder; Hemophagocytosis; Immunodeficiency 11b with atopic dermatitis; Inborn genetic diseases; Osteopenia; Severe combined immunodeficiency due to CARD11 deficiency; Splenomegaly
CARNS1,NA
CASC11,NA
CASP8,"Autoimmune lymphoproliferative syndrome type 2B; BREAST CANCER, PROTECTION AGAINST; CASP8-related disorder; Familial cancer of breast; Hepatocellular carcinoma; Inborn genetic diseases; Lung cancer; Lung cancer, protection against"
CBARP,NA
CBL,"B lymphoblastic leukemia lymphoma with hyperdiploidy; CBL-related disorder; Cardiovascular phenotype; Congenital heart disease; Epilepsy, early-onset; Fragile site 11b; Growth failure in early childhood; Hepatosplenomegaly; Hereditary cancer; Hereditary cancer-predisposing syndrome; Inborn genetic diseases; Intellectual disability; Juvenile myelomonocytic leukemia; Left ventricular noncompaction cardiomyopathy; Malignant germ cell tumor of ovary; Microcephaly; Monogenic short statue; Myeloproliferative disorder; Neurodevelopmental disorder; Noonan syndrome; Noonan syndrome 1; Noonan syndrome and Noonan-related syndrome; Noonan syndrome-like disorder with juvenile myelomonocytic leukemia; Noonan-like syndrome; RASopathy; Rhabdomyosarcoma; See cases"
CCDC88B,NA
CCND1,"CCND1-related disorder; Colorectal cancer; Colorectal cancer, susceptibility to; Congenital long QT syndrome; MULTIPLE MYELOMA, t(11%3B14) TYPE, SUSCEPTIBILITY TO; Multiple myeloma; VON HIPPEL-LINDAU SYNDROME, MODIFIER OF; Von Hippel-Lindau syndrome"
CCND2,CCND2-related disorder; Inborn genetic diseases; Megalencephaly-polymicrogyria-polydactyly-hydrocephalus syndrome 1; Megalencephaly-polymicrogyria-polydactyly-hydrocephalus syndrome 3; Neuromuscular disease and ocular or auditory anomalies with or without seizures; Seizure
CCND2-AS1,NA
CCND3,NA
CCNE1,NA
CCNH,NA
CD19,"CD19-related disorder; Immunodeficiency, common variable, 2; Immunodeficiency, common variable, 3; Inborn genetic diseases; Inherited Immunodeficiency Diseases"
CD22,NA
CD276,Long QT syndrome
CD3D,CD3D-related disorder; Immunodeficiency 104; Immunodeficiency 19; Inborn genetic diseases; Severe combined immunodeficiency disease
CD3E,"CD3E-related disorder; Immunodeficiency 18; Immunodeficiency 18, severe combined immunodeficiency variant; Inborn genetic diseases; Severe combined immunodeficiency disease"
CD3EAP,NA
CD3G,CD3G-related disorder; Combined immunodeficiency due to CD3gamma deficiency; Severe combined immunodeficiency disease
CD52,CD52-related disorder
CD74,NA
CD79B,"Agammaglobulinemia 6, autosomal recessive; CD79B-related disorder; Malignant lymphoma, large B-cell, diffuse"
CDA,NA
CDH1,"Anophthalmia-microphthalmia syndrome; Blepharocheilodontic syndrome 1; Breast and/or ovarian cancer; Breast cancer, susceptibility to; Breast carcinoma; Breast lobular carcinoma; Breast neoplasm; Breast-ovarian cancer, familial, susceptibility to, 1; Breast-ovarian cancer, familial, susceptibility to, 2; CDH1-related diffuse gastric and lobular breast cancer syndrome; CDH1-related disorder; Carcinoma of colon; Cleft lip with or without cleft palate; Cleft lip/palate; Colon cancer; Colorectal cancer; Diffuse gastric and lobular breast cancer syndrome with cleft lip and with or without cleft palate; Diffuse midline glioma, H3 K27-altered; Endometrial carcinoma; Familial cancer of breast; Familial prostate cancer; Gastric adenocarcinoma; Gastric cancer; Hereditary breast ovarian cancer syndrome; Hereditary cancer; Hereditary cancer-predisposing syndrome; Hereditary diffuse gastric adenocarcinoma; Inborn genetic diseases; Malignant tumor of breast; Neoplasm of stomach; Orofacial cleft; Ovarian cancer; Ovarian neoplasm; Prostate cancer; Prostate cancer susceptibility; Spinocerebellar ataxia 45"
CDK12,CDK12-related disorder; Hereditary breast ovarian cancer syndrome; Hereditary cancer; Lung adenocarcinoma
CDK4,"CDK4-related disorder; Diffuse pediatric-type high-grade glioma, H3-wildtype and IDH-wildtype; Ewing sarcoma; Familial melanoma; Gastric cancer; Hereditary cancer; Hereditary cancer-predisposing syndrome; Melanoma, cutaneous malignant, susceptibility to, 3; Microcephaly 31, primary, autosomal recessive; Ovarian cancer"
CDK6,"Behcet disease; CDK6-related disorder; Microcephaly 12, primary, autosomal recessive"
CDK8,"Abnormal facial shape; CDK8-related disorder; Common atrium; Complex neurodevelopmental disorder with or without congenital anomalies; Congenital diaphragmatic hernia; Ebstein anomaly; Heart, malformation of; Inborn genetic diseases; Intellectual developmental disorder with hypotonia and behavioral abnormalities; Intellectual disability; Stillbirth; Ventriculomegaly"
CDKN1A,CIP1/WAF1 TUMOR-ASSOCIATED POLYMORPHISM 1; Malignant tumor of urinary bladder
CDKN2A,"Acute lymphoid leukemia; Atypical endometrial hyperplasia; CDKN2A-related disorder; Familial melanoma; Familial meningioma; Familial pancreatic carcinoma; Gastric cancer; Hepatocellular carcinoma; Hereditary cancer; Hereditary cancer-predisposing syndrome; Li-Fraumeni syndrome; Lip and oral cavity carcinoma; Maffucci syndrome; Malignant tumor of urinary bladder; Melanoma; Melanoma and neural system tumor syndrome; Melanoma, cutaneous malignant, susceptibility to, 2; Melanoma-pancreatic cancer syndrome; Osteoblastic osteosarcoma; Ovarian cancer; Ovarian neoplasm; Retinoblastoma; Squamous cell lung carcinoma"
CDKN2A-AS1,NA
CDKN2B,Acute lymphoid leukemia; Malignant tumor of breast; Multiple endocrine neoplasia; Three Vessel Coronary Disease
CDKN2B-AS1,Three Vessel Coronary Disease
CEP72,NA
CHD4,CHD4-related disorder; Cleft palate; Congenital ocular coloboma; Global developmental delay; Inborn genetic diseases; Intellectual disability; Moyamoya angiopathy with developmental delay; Neonatal encephalopathy; Neurodevelopmental abnormality; See cases; Sifrim-Hitz-Weiss syndrome; Thalidomide response
CHEK1,CHEK1-related disorder; Hereditary cancer-predisposing syndrome; Male infertility due to gonadal dysgenesis or sperm disorder; Oocyte/zygote/embryo maturation arrest 21; Prostate cancer
CIC,"Autism spectrum disorder; Autosomal dominant non-syndromic intellectual disability; CIC-related disorder; CIC-related neurodevelopmental disorders; Congenital cerebellar hypoplasia; Dias-Logan syndrome; EBV-positive nodal T- and NK-cell lymphoma; Familial thoracic aortic aneurysm and aortic dissection; Hearing impairment; Hereditary ataxia; Inborn genetic diseases; Intellectual developmental disorder with behavioral abnormalities and craniofacial dysmorphism with or without seizures; Intellectual disability; Intellectual disability, autosomal dominant 1; Intellectual disability, autosomal dominant 45; Marfanoid habitus and intellectual disability; NK-cell enteropathy; Neurodevelopmental delay; Neurodevelopmental disorder; Neurodevelopmental disorder with hypotonia, seizures, and absent language; See cases"
CNTNAP1,"Arthrogryposis multiplex congenita; Arthrogryposis, distal, type 1A; CNTNAP1-related disorder; Charcot-Marie-Tooth disease type 4E; Congenital hypomyelination neuropathy with or without arthrogryposis; EBV-positive nodal T- and NK-cell lymphoma; Fetal akinesia deformation sequence 1; Inborn genetic diseases; Lethal congenital contracture syndrome 7; Neuropathy, congenital hypomyelinating, 3; See cases"
COMT,"22q11.2 deletion syndrome; Bardet-Biedl syndrome; COMT POLYMORPHISM; COMT-related disorder; Cardiovascular phenotype; Glucocorticoid deficiency 5; Panic disorder 1; Primary dilated cardiomyopathy; Primary familial hypertrophic cardiomyopathy; Schizophrenia; Schizophrenia, susceptibility to; TXNRD2-related disorder; Tramadol response; methamphetamine use disorder"
CORO1B,NA
CREBBP,"Abnormal cerebral morphology; Abnormality of the nervous system; Atrial septal defect 5; CREBBP-related disorder; Cone-rod dystrophy; Congenital heart anomalies; Corpus callosum, agenesis of; Dilated cardiomyopathy 1R; Fetal anomalies with a likely genetic cause; Glaucoma; Global developmental delay; Hearing impairment; Hirschsprung disease, susceptibility to, 1; Hypertrophic cardiomyopathy 11; Inborn genetic diseases; Intellectual disability; Kabuki-like syndrome; Left ventricular noncompaction 4; Malignant lymphoma, large B-cell, diffuse; Marfanoid habitus and intellectual disability; Menke-Hennekam syndrome; Menke-Hennekam syndrome 1; Morphological central nervous system abnormality; Multiple congenital anomalies/dysmorphic syndrome; Multiple myeloma; Neurodevelopmental abnormality; Neurodevelopmental disorder; Noonan syndrome; Primary ciliary dyskinesia 3; Rare genetic intellectual disability; Rubinstein-Taybi syndrome; Rubinstein-Taybi syndrome due to CREBBP mutations; Scoliosis; See cases; Spasticity; Spinal dysraphism; Synophrys; Teratoma; Thin vermilion border; Thumb deformity; Tip-toe gait"
CSDE1,CSDE1-associated disorder; CSDE1-associated neurodevelopmental disorder; CSDE1-related disorder; CSDE1-related neurodevelopmental disorder; Complex neurodevelopmental disorder; Inborn genetic diseases; See cases
CSF1R,"Alzheimer disease; Brain abnormalities, neurodegeneration, and dysosteosclerosis; CSF1R-Related Adult-Onset Leukoencephalopathy; CSF1R-related disorder; CSF1R-related leukoencephalopathy; Cerebral arterial disease; Craniosynostosis syndrome; Frontotemporal dementia; Hereditary diffuse leukoencephalopathy with spheroids; Inborn genetic diseases; Leukoencephalopathy, diffuse hereditary, with spheroids 1; Neurodegeneration; Parkinsonian disorder; See cases"
CSF3R,Autosomal recessive severe congenital neutropenia due to CSF3R deficiency; CSF3R-Related Disorders; CSF3R-related disorder; Early T cell progenitor acute lymphoblastic leukemia; Hereditary neutrophilia; Inborn genetic diseases; Inherited Immunodeficiency Diseases; Severe congenital neutropenia
CSK,NA
CTNNA1,"CTNNA1-associated FEVR; CTNNA1-related diffuse gastric and lobular breast cancer syndrome; CTNNA1-related disorder; Colorectal cancer; Congenital fibrosis of extraocular muscles; Craniosynostosis syndrome; Hereditary breast ovarian cancer syndrome; Hereditary cancer-predisposing syndrome; Hereditary diffuse gastric adenocarcinoma; Hereditary nonpolyposis colon cancer; Patterned macular dystrophy 2; Polyposis syndrome, hereditary mixed, 1; Retinal dystrophy; Schizophrenia"
CUL3,Abnormal cardiovascular system morphology; Autism spectrum disorder; Autosomal dominant pseudohypoaldosteronism type 1; CUL3-related disorder; Complex neurodevelopmental disorder; Inborn genetic diseases; Intellectual disability; NEURODEVELOPMENTAL DISORDER WITH AUTISM AND SEIZURES; NEURODEVELOPMENTAL DISORDER WITH AUTISM WITHOUT SEIZURES; NEURODEVELOPMENTAL DISORDER WITHOUT AUTISM OR SEIZURES; NK-cell enteropathy; Neurodevelopmental abnormality; Neurodevelopmental delay; Neurodevelopmental disorder; Neurodevelopmental disorder with or without autism or seizures; Neurodevelopmental disorder without autism with seizures; Pseudohypoaldosteronism type 2A; Pseudohypoaldosteronism type 2E
CUL4A,NA
CXCR4,"CXCR4-related disorder; Inborn genetic diseases; Inherited Immunodeficiency Diseases; Thalidomide response; WHIM syndrome 1; Warts, hypogammaglobulinemia, infections, and myelokathexis"
CYLD,"Brooke-Spiegler syndrome; CYLD-related disorder; Familial cylindromatosis; Familial multiple trichoepitheliomata; Frontotemporal dementia and/or amyotrophic lateral sclerosis 8; Hereditary cancer-predisposing syndrome; Inborn genetic diseases; Multiple monogenic benign skin tumours; Multiple myeloma; Ovarian cancer; SLC35A2-congenital disorder of glycosylation; Trichoepithelioma, multiple familial, 1"
CYP19A1,"ADRENAL HYPERPLASIA, CONGENITAL, DUE TO 21-HYDROXYLASE DEFICIENCY; Aromatase deficiency; Aromatase excess syndrome; CYP19A1-related disorder; Differences in sex development; Inborn genetic diseases; Letrozole response; Premature ovarian failure; Pulmonary disease, chronic obstructive, susceptibility to"
CYP2B6,CYP2B6-related disorder; Efavirenz response; efavirenz response - Metabolism/PK; efavirenz response - Toxicity; nevirapine response - Metabolism/PK; nevirapine response - Toxicity
CYP2C8,"CYP2C8 POLYMORPHISM; CYP2C8-related disorder; DRUG METABOLISM, ALTERED, CYP2C8-RELATED; Pulmonary disease, chronic obstructive, susceptibility to"
CYP2D6,"CYP2D6-related condition; Congenital portosystemic shunt; Debrisoquine, poor metabolism of; Deutetrabenazine response; Tamoxifen response; Tramadol response"
CYP2E1,CYP2E1*6 ALLELE
CYP3A4,".; CYP3A4 PROMOTER POLYMORPHISM; CYP3A4-related disorder; Familial hypercholesterolemia; Vitamin D-dependent rickets, type 3; fentanyl response - Dosage; tacrolimus response - Metabolism/PK"
CYP3A5,"CYP3A5-related disorder; Essential hypertension; Hypertension, salt-sensitive essential, susceptibility to; Tacrolimus response; appendicular lean mass relative to body height; refractory myasthenia gravis"
CYP4B1,"Pulmonary disease, chronic obstructive, susceptibility to"
DAXX,NA
DCUN1D1,NA
DDN-AS1,NA
DDR1,NA
DDR2,Connective tissue disorder; DDR2-related disorder; Fetal growth restriction; Inborn genetic diseases; Lung adenocarcinoma; Spondyloepimetaphyseal dysplasia-short limb-abnormal calcification syndrome; Squamous cell lung carcinoma; Warburg-cinotti syndrome
DHFR,Constitutional megaloblastic anemia with severe neurologic disease; DHFR-related disorder; Inborn genetic diseases
DHX8,Congenital anomaly of kidney and urinary tract; ETV4-related disorder
DINO,NA
DIS3,DIS3-related disorder; EBV-positive nodal T- and NK-cell lymphoma; Multiple Myeloma Predisposition; Multiple myeloma; Perlman syndrome
DNAJB1,NA
DNMT1,"Acanthocytosis; Ataxia; Autosomal dominant cerebellar ataxia, deafness and narcolepsy; Beckwith-Wiedemann syndrome; Cerebellar ataxia; Cerebellar atrophy; Cerebral atrophy; Charcot-Marie-Tooth disease; Chorea; DNMT1-related disorder; Dysarthria; Dysphagia; Hereditary sensory neuropathy-deafness-dementia syndrome; Inborn genetic diseases; Limb-girdle muscular dystrophy; Paroxysmal central nervous system disorders; Pituitary stalk interruption syndrome; Spastic ataxia; Spastic paraparesis"
DNMT3B,"Centromeric instability of chromosomes 1,9 and 16 and immunodeficiency; DNMT3B-related disorder; Facioscapulohumeral muscular dystrophy 4, digenic; Immunodeficiency-centromeric instability-facial anomalies syndrome 1; Inborn genetic diseases; Kabuki syndrome 1; See cases"
DOT1L,DOT1L-related condition; Developmental disorder; Inborn genetic diseases; Nil-Deshwar neurodevelopmental syndrome
DPYD,"5-fluorouracil response; DPYD-related disorder; Dihydropyrimidine dehydrogenase deficiency; Fluorouracil response; Hirschsprung disease, susceptibility to, 1; Inborn genetic diseases; Neurodevelopmental delay; Prostate cancer; See cases; capecitabine response - Toxicity; fluorouracil response - Other; fluorouracil response - Toxicity; tegafur response - Toxicity"
DROSHA,Abnormality of neuronal migration; DROSHA-related disorder; DROSHA-related neurodevelopmental disorder; Esophageal atresia; Hepatoblastoma; Hereditary breast ovarian cancer syndrome; MicroRNA processor tumor predisposition syndrome; Pineoblastoma; Pyloric stenosis
DUSP4,NA
DYNC2H1,"Abnormality of the lung; Arrhythmogenic right ventricular dysplasia 10; Asphyxiating thoracic dystrophy 1; Asphyxiating thoracic dystrophy 2; Asphyxiating thoracic dystrophy 3; Asphyxiating thoracic dystrophy 4; Autosomal dominant Robinow syndrome 2; Autosomal recessive polycystic kidney disease; Autosomal recessive retinitis pigmentosa; Bowing of the long bones; Ciliopathy; Clinodactyly; DYNC2H1-related disorder; Deformed rib cage; Fetal growth restriction; Heart, malformation of; Hirschsprung disease, susceptibility to, 1; Inborn genetic diseases; Intellectual disability; Jeune thoracic dystrophy; Micrognathia; Narrow chest; Neonatal respiratory distress; Optic atrophy; Renal cyst; Retinal disorder; Retinal dystrophy; Retinitis pigmentosa; Short long bone; Short rib-polydactyly syndrome; Short ribs; Short-rib thoracic dysplasia 6 with or without polydactyly; Type IV short rib polydactyly syndrome"
E2F3,E2F3-related disorder
EBLN2,NA
EED,Autism spectrum disorder; Cohen-Gibson syndrome; EED-related disorder; Hereditary breast ovarian cancer syndrome; Inborn genetic diseases; Neurodevelopmental delay
EGF,Cholangiocarcinoma; EGF-related disorder; Hereditary renal cell carcinoma; Renal hypomagnesemia 4
EGFR,"Adenocarcinoma of lung, response to tyrosine kinase inhibitor in, somatic; Cerebral arteriovenous malformation; Cerebral palsy; Cholangiocarcinoma; Cowden syndrome 1; Diffuse midline glioma, H3 K27-altered; EGFR-related disorder; EGFR-related lung cancer; Endometrial carcinoma; Familial cancer of breast; Hereditary breast ovarian cancer syndrome; Hereditary cancer; Hereditary cancer-predisposing syndrome; Inflammatory skin and bowel disease, neonatal, 2; Lip and oral cavity carcinoma; Lung adenocarcinoma; Lung cancer; Lung carcinoma; Malignant tumor of urinary bladder; Non-small cell lung carcinoma; Nonsmall cell lung cancer, response to tyrosine kinase inhibitor in, somatic; Ovarian cancer; See cases; Squamous cell carcinoma; Squamous cell carcinoma of the head and neck; Squamous cell lung carcinoma; Tyrosine kinase inhibitor response; erlotinib response - Efficacy; gefitinib response - Efficacy"
EGFR-AS1,NA
EIF4E,"Autism, susceptibility to, 19; EIF4E-related disorder"
ELF3,NA
ELF3-AS1,NA
ELOC,NA
EML4,EML4-related disorder
EMSY,EMSY-related disorder
ENOSF1,NA
EP300,"Abnormal facial shape; Atypical Rubinstein-Taybi; Autosomal dominant cerebellar ataxia; CHARGE syndrome; Carcinoma of colon; Colorectal cancer; Colorectal carcinoma; Corpus callosum, agenesis of; Developmental and epileptic encephalopathy, 18; EP300-related disorder; Epileptic encephalopathy; Facial grimacing; Feeding difficulties; Global developmental delay; Hepatoblastoma; Hereditary breast ovarian cancer syndrome; Hirsutism; Hypotonia; Inborn genetic diseases; Intellectual disability; Menke-Hennekam syndrome 2; Microcephaly; Micrognathia; Moderate intellectual disability; Multicystic kidney dysplasia; Multiple congenital anomalies; Myopia; Neurodevelopmental abnormality; Neurodevelopmental delay; Neurodevelopmental disorder; Postaxial polydactyly; Primary microcephaly; Rare genetic intellectual disability; Rubinstein-Taybi syndrome; Rubinstein-Taybi syndrome due to CREBBP mutations; Rubinstein-Taybi syndrome due to EP300 haploinsufficiency; See cases; Short stature; Synophrys; Thumb deformity; intellectual deficiency"
EPAS1,"Asphyxiating thoracic dystrophy 3; EPAS1-related disorder; Erythrocytosis, familial, 3; Erythrocytosis, familial, 4; Inborn genetic diseases; Teratoma; sorafenib response - Toxicity"
EPCAM,Astrocytoma IDH-mutant; Carcinoma of colon; Colonic neoplasm; Congenital diarrhea 5 with tufting enteropathy; EPCAM-related disorder; Familial cancer of breast; Gastric cancer; Hereditary breast ovarian cancer syndrome; Hereditary cancer; Hereditary cancer-predisposing syndrome; Hereditary nonpolyposis colorectal neoplasms; Lynch syndrome; Lynch syndrome 1; Lynch syndrome 8; Ovarian cancer
EPHA2,"Bilateral microphthalmos; Cataract; Cataract 6 multiple types; Cataract 6, age-related cortical; Congenital aniridia; Developmental cataract; EPHA2-related disorder; Inborn genetic diseases; Meniere disease; Structural eye disease"
EPHA5,Astrocytoma
EPHA7,EBV-positive nodal T- and NK-cell lymphoma; Intellectual disability
EPHB1,Autism
ERBB2,"Colorectal cancer; ERBB2 POLYMORPHISM; Endometrial carcinoma; Familial cancer of breast; Gastric cancer; Glioma susceptibility 1; Inborn genetic diseases; Lung adenocarcinoma; Lung cancer; Malignant tumor of urinary bladder; Myelodysplastic syndrome; Neuroepithelial tumor, PATZ1 fusion-positive; Non-small cell lung carcinoma; Ovarian cancer; Ovarian neoplasm; Prostate cancer; Visceral neuropathy, familial, 2, autosomal recessive"
ERBB3,"ERBB3-related disorder; Erythroleukemia, familial, susceptibility to; Lethal congenital contracture syndrome 1; Lethal congenital contracture syndrome 2; Malignant tumor of urinary bladder; Prostate cancer; Visceral neuropathy, familial; Visceral neuropathy, familial, 1, autosomal recessive"
ERBB4,Amyotrophic lateral sclerosis; Amyotrophic lateral sclerosis type 10; Amyotrophic lateral sclerosis type 19; ERBB4-associated epilepsy syndrome; ERBB4-related Non-syndromic intellectual disability or epilepsy; ERBB4-related disorder; Frontotemporal dementia; Inborn genetic diseases; Intellectual disability; NK-cell enteropathy; Schizophrenia; Teratoma
ERCC1,Cerebrooculofacioskeletal syndrome 4; Cholestatic liver disease; Cockayne syndrome; Cutaneous photosensitivity; ERCC1-related disorder; Failure to thrive; Global proximal tubulopathy; Premature ovarian insufficiency
ERCC2,"Cerebrooculofacioskeletal syndrome 1; Cerebrooculofacioskeletal syndrome 2; Corpus callosum, agenesis of; Craniopharyngioma; ERCC2-related disorder; Fetal anomalies with a likely genetic cause; Hepatoblastoma; Hereditary cancer-predisposing syndrome; Hypotrichosis simplex; Inborn genetic diseases; Inflammatory bowel disease 1; Ketotic hypoglycemia; Leukodystrophy; Malignant tumor of urinary bladder; Mixed Phenotype Acute Leukemia, T/Myeloid, Not Otherwise Specified; Ovarian cancer; Trichothiodystrophy; Trichothiodystrophy 1, photosensitive; Xeroderma pigmentosum; Xeroderma pigmentosum, group C; Xeroderma pigmentosum, group D"
ERCC4,"Abnormality of blood and blood-forming tissues; Autosomal recessive cerebellar ataxia; Behavioral variant of frontotemporal dementia; Breast carcinoma; Carcinoma of pancreas; Cockayne syndrome; ERCC4-Related Disorders; ERCC4-related disorder; Fanconi anemia complementation group Q; Growth failure in early childhood; Hereditary cancer-predisposing syndrome; Hutchinson-Gilford syndrome; Inborn genetic diseases; Microcephaly; Ovarian cancer; Precursor B-cell acute lymphoblastic leukemia; Spastic ataxia; XFE progeroid syndrome; Xeroderma pigmentosum; Xeroderma pigmentosum, group F; Xeroderma pigmentosum, type F/Cockayne syndrome"
ERCC5,"Abnormal corpus callosum morphology; BIVM-ERCC5-related disorder; Cerebellar atrophy; Cerebrooculofacioskeletal syndrome 3; Cognitive impairment; Dysarthria; ERCC5-related disorder; Hepatoblastoma; Hereditary cancer-predisposing syndrome; Inborn genetic diseases; Ovarian cancer; Pectus excavatum; Pes cavus; Polyneuropathy; See cases; Spastic paraplegia; Xeroderma pigmentosum; Xeroderma pigmentosum group G/Cockayne syndrome; Xeroderma pigmentosum, group G; Xeroderma pigmentosum-Cockayne syndrome complex"
ERF,Chitayat syndrome; Common craniosynostosis syndromes; Craniosynostosis 4; Craniosynostosis syndrome; ERF-related disorder; Inborn genetic diseases; Lambdoidal craniosynostosis; Multiple congenital anomalies/dysmorphic syndrome; Multiple myeloma; Neonatal encephalopathy; Neurodevelopmental disorder; Noonan Syndrome-like developmental disorder; Noonan syndrome; Noonan-like syndrome; Paediatric disorders; See cases; TWIST1-related craniosynostosis
ERG,Acute lymphoid leukemia; Lymphatic malformation 14
ESR1,"Arthrogryposis multiplex congenita 3, myogenic type; Autosomal recessive ataxia, Beauce type; Cleft lip/palate; ESR1-related disorder; Emery-Dreifuss muscular dystrophy 4, autosomal dominant; Estrogen receptor mutant, temperature-sensitive; Estrogen resistance syndrome; Familial cancer of breast; Migraine with or without aura, susceptibility to; Migraine with or without aura, susceptibility to, 1; Myocardial infarction, susceptibility to; Rare genetic intellectual disability; Scoliosis, isolated, susceptibility to, 1"
ETFRF1,NA
ETV1,NA
ETV4,ETV4-related disorder
ETV5,ETV5-related disorder; Myoepithelial tumor
ETV6,"Abnormal bleeding; Acute lymphoid leukemia; Acute myeloid leukemia; EBV-positive nodal T- and NK-cell lymphoma; ETV6-related disorder; Hematologic neoplasm; Hereditary cancer-predisposing syndrome; Hermansky-Pudlak syndrome 1; Inborn genetic diseases; Malignant lymphoma, large B-cell, diffuse; See cases; Thrombocytopenia; Thrombocytopenia 5"
EWSR1,Amyotrophic lateral sclerosis; EWSR1-related disorder; Ewing sarcoma
EXOC6,NA
EZH1,EZH1-associated neurodevelopmental disorder; EZH1-neurodevelopmental syndrome; EZH1-related disorder
EZH2,Childhood neoplasm; EZH2-related disorder; Fetal anomaly; Hereditary cancer-predisposing syndrome; Inborn genetic diseases; Intellectual disability; Neurodevelopmental disorder; Weaver syndrome
EZR,EZR-related disorder
FAM175A,NA
FAM20A,Amelogenesis imperfecta type 1G; FAM20A-related disorder; Inborn genetic diseases
FAM58A,NA
FANCA,"Abnormality of blood and blood-forming tissues; Congenital portosystemic shunt; Diffuse pediatric-type high-grade glioma, H3-wildtype and IDH-wildtype; FANCA-related disorder; Fanconi anemia; Fanconi anemia complementation group A; Hepatoblastoma; Hereditary cancer-predisposing syndrome; Inborn genetic diseases; Malignant tumor of breast; Microcephaly; Monogenic short statue; Neuroblastoma; Neurodevelopmental abnormality; Ovarian cancer; Pediatric high-grade glioma; Pituitary stalk interruption syndrome; Premature ovarian failure; Prostate cancer; See cases"
FANCC,Carcinoma of colon; FANCC-related disorder; Familial ovarian cancer; Fanconi anemia; Fanconi anemia complementation group A; Fanconi anemia complementation group C; Hereditary breast ovarian cancer syndrome; Hereditary cancer; Hereditary cancer-predisposing syndrome; Malignant tumor of breast; Ovarian cancer; Premature ovarian failure; X-linked central congenital hypothyroidism with late-onset testicular enlargement
FANCD2,Acute myeloid leukemia; Cleft palate; FANCD2-related disorder; FANCD2OS-related disorder; Familial cancer of breast; Fanconi anemia; Fanconi anemia complementation group A; Fanconi anemia complementation group D2; Fasting plasma glucose level quantitative trait locus 6; Global developmental delay; Hepatoblastoma; Hereditary breast ovarian cancer syndrome; Hereditary cancer; Hereditary cancer-predisposing syndrome; Inborn genetic diseases; Intellectual disability; Malignant tumor of breast; Monogenic short statue; Ovarian cancer; Pigmentary skin disorders; Pituitary stalk interruption syndrome; See cases
FANCD2OS,NA
FANCE,Carcinoma of colon; Carcinoma of pancreas; Exstrophy-epispadias complex; FANCE-related disorder; Fanconi anemia; Fanconi anemia complementation group E; Hereditary breast ovarian cancer syndrome; Hereditary cancer-predisposing syndrome; Inborn genetic diseases; Malignant tumor of breast; Microcephaly; Monogenic short stature; Ovarian cancer; See cases
FANCG,Abnormality of blood and blood-forming tissues; Carcinoma of pancreas; FANCG-related disorder; Fanconi anemia; Fanconi anemia complementation group A; Fanconi anemia complementation group G; Inborn genetic diseases; Monogenic short statue; Ovarian cancer; Pituitary stalk interruption syndrome
FANCI,Colorectal cancer; FANCI-related disorder; Fanconi anemia; Fanconi anemia complementation group A; Fanconi anemia complementation group I; Gastric cancer; Hereditary cancer-predisposing syndrome; Immunodeficiency 62; Inborn genetic diseases; Malignant tumor of breast; Microcephaly
FANCL,"FANCL-related disorder; Fanconi anemia; Fanconi anemia complementation group A; Fanconi anemia complementation group L; Hereditary cancer; Inborn genetic diseases; Premature ovarian insufficiency; See cases; VACTERL association, X-linked, with or without hydrocephalus; VATER association"
FAS,"Autoimmune lymphoproliferative syndrome; Autoimmune lymphoproliferative syndrome type 1; Autoimmune lymphoproliferative syndrome with defective apoptosis; FAS-related autoimmune lymphoproliferative syndrome; FAS-related disorder; Hepatoblastoma; Inborn genetic diseases; Inherited Immunodeficiency Diseases; SQUAMOUS CELL CARCINOMA, BURN SCAR-RELATED, SOMATIC; See cases; Splenomegaly"
FAT1,"Anophthalmia-microphthalmia syndrome; Attention deficit hyperactivity disorder; Autosomal dominant cerebellar ataxia; Congenital myasthenic syndrome 12; Delayed speech and language development; FAT1-related disorder; Familial idiopathic steroid-resistant nephrotic syndrome; Finnish congenital nephrotic syndrome; Flexion contracture; Focal and Segmental Glomerulosclerosis, Autosomal recessive; Focal segmental glomerulosclerosis; Glomerulotubular Nephropathy; Hypertensive disorder; Inborn genetic diseases; Irido-corneo-trabecular dysgenesis; Moderate intellectual disability; Multiple myeloma; Nephrotic syndrome; Spasticity; Syndromic disease; Syndromic microphthalmia"
FBXO11,Delayed speech and language development; Developmental disorder; FBXO11-related disorder; Inborn genetic diseases; Intellectual developmental disorder with dysmorphic facies and behavioral abnormalities; Intellectual disability; Marfanoid habitus and intellectual disability; Neurodevelopmental disorder; Obesity; See cases
FFAR1,"Hypercholesterolemia, familial, 1"
FGF1,NA
FGF12,"Developmental and epileptic encephalopathy, 47; Early onset epileptic encephalopathy; FGF12-related disorder; Gestational diabetes mellitus uncontrolled; Inborn genetic diseases; Seizure"
FGF14,"Cerebellar ataxia; FGF14-related disorder; Inborn genetic diseases; Spinocerebellar ataxia 27A; Spinocerebellar ataxia 27B, late-onset; Spinocerebellar ataxia type 27"
FGF23,"Autosomal dominant hypophosphatemic rickets; FGF23-related disorder; Familial hyperphosphatemic tumoral calcinosis/hyperphosphatemic hyperostosis syndrome; Hypophosphatemic rickets; Inborn genetic diseases; See cases; Short stature; Tumoral calcinosis, hyperphosphatemic, familial, 1; Tumoral calcinosis, hyperphosphatemic, familial, 2"
FGF5,FGF5-related disorder; Trichomegaly
FGF6,NA
FGF9,FGF9-related disorder; Inborn genetic diseases; Multiple synostoses syndrome 3
FGFR1,"Amenorrhea; Astrocytoma; Autosomal recessive FGFR1-related disorders; Cerebellar vermis hypoplasia; Congenital cerebellar hypoplasia; Craniosynostosis syndrome; Craniosynostosis, nonspecific; Delayed puberty; Differences in sex development; Encephalocraniocutaneous lipomatosis; FGFR1-related craniosynostosis syndrome; FGFR1-related disorder; Hartsfield-Bixler-Demyer syndrome; Holoprosencephaly sequence; Hypogonadism with anosmia; Hypogonadotropic hypogonadism; Hypogonadotropic hypogonadism 2 with anosmia; Hypogonadotropic hypogonadism 2 with or without anosmia; Hypogonadotropic hypogonadism 7 with or without anosmia; Inborn genetic diseases; Infertility disorder; Jackson-Weiss syndrome; Lobar holoprosencephaly; Martsolf syndrome 1; Mendelian syndromes with cleft lip/palate; Microform holoprosencephaly; Multiple epiphyseal dysplasia; Orofacial cleft 1; Osteoglophonic dysplasia; Pfeiffer syndrome; Pfeiffer syndrome type 1; Pilomyxoid astrocytoma; Rosette-forming glioneuronal tumor; See cases; Semilobar holoprosencephaly; Trigonocephaly 1; spinal cord mass"
FGFR2,".; Abnormal pinna morphology; Abnormal posterior cranial fossa morphology; Abnormal zygomatic bone morphology; Acrocephalosyndactyly type I; Antley-Bixler syndrome without genital anomalies or disordered steroidogenesis; Aural atresia, congenital; Autosomal dominant syndrome including deafness; Beare-Stevenson cutis gyrata syndrome; Bent bone dysplasia syndrome 1; Bilateral sensorineural hearing impairment; Brachyturricephaly; CRANIOFACIAL-SKELETAL-DERMATOLOGIC DYSPLASIA; CRANIOSYNOSTOSIS, NONCLASSIFIABLE AUTOSOMAL DOMINANT; CRANIOSYNOSTOSIS, NONSYNDROMIC UNICORONAL; Choanal stenosis; Colorectal cancer; Common craniosynostosis syndromes; Cranial asymmetry; Craniosynostosis syndrome; Craniosynostosis, nonspecific; Crouzon syndrome; Deviated nasal septum; Disorder of sexual differentiation; Downslanted palpebral fissures; Ectrodactyly; Endometrial carcinoma; FGFR2-realated disorder; FGFR2-related craniosynostosis; FGFR2-related disorder; FGFR2-related syndromic and non-syndromic craniosynostoses; Facial asymmetry; Familial scaphocephaly syndrome, McGillivray type; Flat occiput; Gastric cancer; High forehead; High palate; Hydrocephalus; Hypertelorism; Hypointensity of cerebral white matter on MRI; Inborn genetic diseases; Intellectual disability; Isolated Coronal Synostosis; Jackson-Weiss syndrome; LADD syndrome 1; Lateral ventricle dilatation; Levy-Hollister syndrome; Low-set ears; Meier-Gorlin syndrome 1; Mild fetal ventriculomegaly; Narrow forehead; Neoplasm of stomach; Pemigatinib resistance; Pfeiffer syndrome; Pfeiffer syndrome type 3; SCAPHOCEPHALY AND AXENFELD-RIEGER ANOMALY; Saethre-Chotzen syndrome; See cases; Seizure; Shallow orbits; Short neck; Squamous cell lung carcinoma; Variant of unknown significance; Wide anterior fontanel"
FGFR4,Cancer progression and tumor cell motility; Classic Hodgkin lymphoma; FGFR4-related disorder; See cases
FLCN,17p11.2 microduplication syndrome; Birt-Hogg-Dube syndrome; Birt-Hogg-Dube syndrome 1; Carcinoma of colon; Chromophobe renal cell carcinoma; Colorectal cancer; Exstrophy-epispadias complex; FLCN-related disorder; Familial spontaneous pneumothorax; Hepatoblastoma; Hereditary breast ovarian cancer syndrome; Hereditary cancer-predisposing syndrome; Hereditary renal cancer; Hypoparathyroidism; Inherited renal cancer; Multiple monogenic benign skin tumours; Nonpapillary renal cell carcinoma; Ovarian cancer; Pilocytic astrocytoma; Pneumothorax - familial; Pulmonary arterial hypertension; See cases
FLT1,Carcinoma of colon; FLT1-related disorder; Lung adenocarcinoma; Squamous cell carcinoma
FLT3,Acute lymphoid leukemia; Acute myeloid leukemia; FLT3-related disorder; Multiple myeloma; Myelodysplastic syndrome progressed to acute myeloid leukemia
FLT4,"Blepharospasm-oromandibular dystonia syndrome; Capillary infantile hemangioma; Carcinoma of colon; Colorectal cancer; Congenital heart defects, multiple types, 7; FLT4-related disorder; FLT4-related disorders; Fetal anomalies with a likely genetic cause; Hereditary lymphedema type I; Inborn genetic diseases; Lymphedema; Non-immune hydrops fetalis; Regorafenib response; Teratoma"
FOXL2,"BLEPHAROPHIMOSIS, PTOSIS, AND EPICANTHUS INVERSUS, TYPE I; BLEPHAROPHIMOSIS, PTOSIS, AND EPICANTHUS INVERSUS, TYPE II; Blepharophimosis; Blepharophimosis, ptosis, and epicanthus inversus syndrome; Blepharophimosis, ptosis, and epicanthus inversus, type II with Duane retraction syndrome; Duane retraction syndrome; FOXL2-related disorder; Genetic non-acquired premature ovarian failure; Inborn genetic diseases; Premature ovarian failure 3; See cases"
FOXL2NB,NA
FOXP1,Anterior creases of earlobe; Aortic valve atresia; Atrial septal defect 1; Autism; Autism spectrum disorder; Cerebellar vermis hypoplasia; Congenital cerebellar hypoplasia; Congenital heart disease; Delayed speech and language development; Developmental disorder; Disorder of sexual differentiation; FOXP1-related disorder; FOXP1-related neurodevelopmental disorder; Familial atrioventricular septal defect; Glabellar hemangioma; Hypoplastic left heart syndrome 1; INTELLECTUAL DEVELOPMENTAL DISORDER WITH LANGUAGE IMPAIRMENT AND AUTISTIC FEATURES; Inborn genetic diseases; Intellectual disability; Intellectual disability-severe speech delay-mild dysmorphism syndrome; Mitral atresia disorder; Neurodevelopmental abnormality; Neurodevelopmental disorder; Pulmonary atresia with ventricular septal defect; Rare genetic intellectual disability; See cases; Seizure; Single Ventricle Defect; Strabismus; Visceral heterotaxy
FUBP1,Breast ductal adenocarcinoma
FYN,EBV-positive nodal T- and NK-cell lymphoma; Premature ovarian failure
GABRA6,Childhood absence epilepsy; GABRA6-related disorder
GATA1,"Acute megakaryoblastic leukemia; Acute megakaryoblastic leukemia in down syndrome; Anemia; Beta-thalassemia-X-linked thrombocytopenia syndrome; Cutaneous porphyria; Diamond-Blackfan anemia; Down syndrome; GATA binding protein 1 related thrombocytopenia with dyserythropoiesis; GATA1-related disorder; Hemolytic anemia due to erythrocyte adenosine deaminase overproduction; Inborn genetic diseases; LEUKEMIA, MEGAKARYOBLASTIC, OF DOWN SYNDROME, SOMATIC; Macrothrombocytopenia; Thrombocytopenia; Thrombocytopenia, X-linked, with dyserythropoietic anemia; Thrombocytopenia, X-linked, with or without dyserythropoietic anemia; Thrombocytopenia, X-linked, without dyserythropoietic anemia; Transient myeloproliferative syndrome; X-linked GATA1-related disorders; X-linked dyserythropoetic anemia with abnormal platelets and neutropenia"
GATA2,"Acute myeloid leukemia; Alveolar capillary dysplasia with pulmonary venous misalignment; Anemia; Deafness-lymphedema-leukemia syndrome; GATA2 deficiency with susceptibility to MDS/AML; GATA2-related disorder; Hereditary cancer; Hereditary cancer-predisposing syndrome; Inborn genetic diseases; Increased risk to develop myelodysplastic syndrome, acute myeloid leukemia, or chronic myelomonocytic leukemia; Leukemia, acute myeloid, susceptibility to; Monocytopenia with susceptibility to infections; Myelodysplastic syndrome; Predisposition to myelodysplastic syndrome; Splenomegaly; multilineage dysplasia"
GATA2-AS1,NA
GATA3,"B-cell childhood acute lymphoblastic leukemia; Congenital anomaly of kidney and urinary tract; Deafness, autosomal dominant; Dominant congenital non-syndromic sensorineural hearing loss; Familial cancer of breast; GATA3-related disorder; Hearing impairment; Hypoparathyroidism, deafness, renal disease syndrome; Inborn genetic diseases; Monogenic hearing loss; Neurodevelopmental disorder; Ovarian neoplasm; See cases; Stage 5 chronic kidney disease"
GATA6,"Abnormal cardiovascular system morphology; Atrial septal defect 9; Atrioventricular septal defect 5; Atypical coarctation of aorta; Congenital diaphragmatic hernia; Conotruncal heart malformations; Developmental disorder; GATA6-related congenital heart disease with or without pancreatic agenesis or neonatal diabetes; GATA6-related disorder; Inborn genetic diseases; Monogenic diabetes; Neonatal insulin-dependent diabetes mellitus; Neutropenia, severe congenital, 8, autosomal dominant; Paediatric disorders; Pancreatic hypoplasia-diabetes-congenital heart disease syndrome; Persistent truncus arteriosus; Primary dilated cardiomyopathy; Tetralogy of Fallot"
GID4,NA
GLDN,Aromatase deficiency; Arthrogryposis multiplex congenita; Breathing dysregulation; Congenital contracture; Fetal akinesia deformation sequence 1; Flexion contracture; GLDN-related disorder; Inborn genetic diseases; Lethal congenital contracture syndrome 11; Multiple joint contractures; Polyhydramnios
GLI1,"Bardet-Biedl syndrome; GLI1-related disorder; Polydactyly of a biphalangeal thumb; Polydactyly, postaxial, type A8; Premature ovarian failure; Prostate cancer"
GNA11,Autosomal dominant hypocalcemia 2; CLOVES syndrome; Capillary malformation; Familial hyperparathyroidism or Hypocalciuric hypercalcaemia; Familial hypocalciuric hypercalcemia 2; Familial hypoparathyroidism; Familial multiple nevi flammei; GNA11-related disorder; Inborn genetic diseases; Lobular capillary hemangiomas; Schwartz-Jampel syndrome type 1; See cases; Segmental undergrowth associated with capillary malformation; Vascular malformation; Venous malformation
GNAS,"ACTH-independent macronodular adrenal hyperplasia 1; Albright hereditary osteodystrophy, pseudohypoparathyroidism, pseudopseudohypoparathyroidism, acrodysostosis and osteoma cutis; Brachydactyly; Cognitive impairment; Cushing syndrome; Disorder of GNAS inactivation; Disorders of GNAS Inactivation; Duane retraction syndrome; Early onset severe obesity; GNAS-AS1-related condition; GNAS-associated disease; GNAS-related disorder; Hereditary spastic paraplegia 4; Hypocalcemia; Inborn genetic diseases; Intellectual disability; McCune-Albright syndrome; Obesity; PHP Type 1a / PPHP; PITUITARY TUMOR 3, GROWTH HORMONE-SECRETING, SOMATIC; PSEUDOHYPOPARATHYROIDISM, TYPE IA, WITH TESTOTOXICOSIS; Pituitary adenoma 3, multiple types; Polyostotic fibrous dysplasia, somatic, mosaic; Progressive osseous heteroplasia; Pseudohypoparathyroidism; Pseudohypoparathyroidism type 1B; Pseudohypoparathyroidism type 1C; Pseudohypoparathyroidism type I A; Pseudopseudohypoparathyroidism; Round face; See cases; Severe early-onset obesity, Albright hereditary osteodystrophy, pseudohypoparathyroidism, pseudopseudohypoparathyroidism, acrodysostosis and osteoma cutis; Sex cord-stromal tumor; Short stature; Skeletal dysplasia; Somatotroph adenoma; Subcutaneous nodule; Tetany"
GNAS-AS1,NA
GPSM3,NA
GPT,GPT POLYMORPHISM
GRIN2A,"Abnormal cerebral morphology; CTCF-related neurodevelopmental disorder; Complex neurodevelopmental disorder; Dystonia, intellectual disability and language impairment; Early-onset epileptic encephalopathy and intellectual disability due to GRIN2A mutation; Epilepsy; Epilepsy, familial temporal lobe, 1; Epileptic encephalopathy; Focal epilepsy; GRIN2A-Related Disorders; GRIN2A-Related Speech Disorders and Epilepsy; GRIN2A-related Movement disorder; GRIN2A-related complex neurodevelopmental disorder; Global developmental delay; History of neurodevelopmental disorder; Inborn genetic diseases; Intellectual disability; Landau-Kleffner syndrome; Microcephaly; Neurodevelopmental abnormality; Neurodevelopmental disorder; Pyridoxine-dependent epilepsy; See cases; Seizure; Self-limited epilepsy with centrotemporal spikes; Vascular dementia"
GRM3,EBV-positive nodal T- and NK-cell lymphoma
GSTP1,"Abnormality of immune system physiology; Kala-azar susceptibility 2; Pulmonary disease, chronic obstructive, susceptibility to"
GSTT1,NA
H3F3A,NA
H3F3C,NA
HCK,Autoinflammation with pulmonary and cutaneous vasculitis; HCK-related condition
HGF,Autosomal recessive nonsyndromic hearing loss 39; HGF-related disorder; Hearing impairment; Sensorineural hearing loss disorder
HIST1H1C,NA
HIST1H2AB,NA
HIST1H2BB,NA
HIST1H2BH,NA
HIST1H2BI,NA
HIST1H3B,NA
HIST1H3C,NA
HIST1H3F,NA
HIST1H3G,NA
HIST1H4B,NA
HIST1H4G,NA
HIST3H3,NA
HLA-A,Abnormality of neuronal migration; Carbamazepine hypersensitivity; EBV-positive nodal T- and NK-cell lymphoma; HLA-A-related condition; Susceptibility to severe COVID-19; Susceptibility to severe cutaneous adverse reaction
HNF1A,"Breast carcinoma; Chromophobe renal cell carcinoma; Clear cell carcinoma of kidney; DiGeorge syndrome; Diabetes mellitus; Diabetes mellitus type 1; Diabetes mellitus type 2, susceptibility to; Gestational diabetes; HNF1A-related disorder; HNF1A-related disorders; Hepatic adenomas, familial; Hereditary breast ovarian cancer syndrome; Hyperinsulinism due to HNF1A deficiency; Insulin resistance, susceptibility to; Insulin-resistant diabetes mellitus; Keratoderma-ichthyosis-deafness syndrome, autosomal recessive; Maturity-onset diabetes of the young; Maturity-onset diabetes of the young type 1; Maturity-onset diabetes of the young type 3; Monogenic diabetes; Neurofibromatosis, type 1; Nonpapillary renal cell carcinoma; Ovarian cancer; Reduced delayed hypersensitivity; SERUM HDL CHOLESTEROL LEVEL, MODIFIER OF; Symphalangism affecting the proximal phalanx of the 4th finger; Type 1 diabetes mellitus 20; Type 2 diabetes mellitus"
HOXB13,"Breast and/or ovarian cancer; Carcinoma of pancreas; Familial prostate cancer; Gastric cancer; HOXB13-Related Cancer Predisposition; HOXB13-related disorder; Hereditary cancer-predisposing syndrome; Prostate cancer; Prostate cancer susceptibility; Prostate cancer, hereditary, 1; Prostate cancer, hereditary, 9"
HPDL,"HPDL-related disorder; Inborn genetic diseases; Neurodevelopmental disorder with progressive spasticity and brain white matter abnormalities; Spastic ataxia; Spastic paraplegia; Spastic paraplegia 83, autosomal recessive"
HRAS,"Arteriovenous malformation; COSTELLO SYNDROME, SEVERE; Cardiovascular phenotype; Congenital fibrosis of extraocular muscles; Costello syndrome; EPIDERMAL NEVUS WITH UROTHELIAL CANCER, SOMATIC; Epidermal nevus; Epidermolytic nevus; HRAS-related disorder; Hereditary cancer-predisposing syndrome; Hypophosphatemic rickets; Inborn genetic diseases; Intellectual disability; Intramuscular hemangioma; KA-like vemurafenib-induced squamous lesions; Large congenital melanocytic nevus; Linear nevus sebaceous syndrome; Lip and oral cavity carcinoma; Malignant tumor of urinary bladder; Monogenic short statue; Myopathy, congenital, with excess of muscle spindles; NEVUS SPILUS, SOMATIC; Nevus sebaceous; Non-immune hydrops fetalis; Non-small cell lung carcinoma; Noonan syndrome; Noonan syndrome 1; Noonan syndrome 3; Noonan syndrome and Noonan-related syndrome; Ovarian cancer; Parathyroid gland adenoma; Prostate cancer, hereditary, 1; Pulmonic stenosis; RASopathy; Rhabdomyosarcoma; SPITZ NEVUS, SOMATIC; Salivary gland neoplasm; See cases; Spermatocytic seminoma; Squamous cell lung carcinoma; Supravalvar aortic stenosis; Thyroid cancer, nonmedullary, 2; Vascular Tumors Including Pyogenic Granuloma; Vascular malformation; Wooly hair nevus; cutaneous-skeletal hypophosphatemia syndrome"
HSD3B1,Androgen deprivation therapy response
HSP90AA1,"Malignant hyperthermia, susceptibility to, 1"
ICOSLG,Combined immunodeficiency; Immunodeficiency 119; Inborn genetic diseases
ID3,Hereditary breast ovarian cancer syndrome
IDH1,"Acute myeloid leukemia; Diffuse midline glioma, H3 K27-altered; Diffuse pediatric-type high-grade glioma, H3-wildtype and IDH-wildtype; Enchondromatosis; Glioblastoma multiforme, somatic; Glioma susceptibility 1; IDH1-related disorder; Lymphoma; Maffucci syndrome; Metaphyseal chondromatosis; Metaphyseal chondromatosis with D-2-hydroxyglutaric aciduria; Paroxysmal extreme pain disorder"
IFI30,NA
IFNGR1,"Autosomal dominant mendelian susceptibility to mycobacterial diseases due to partial IFNgammaR1 deficiency; Disseminated atypical mycobacterial infection; Helicobacter pylori infection, susceptibility to; Hepatitis B virus, susceptibility to; IFN-gamma receptor 1 deficiency; IFNGR1-related disorder; Immunodeficiency 27A; Inborn genetic diseases; Inherited Immunodeficiency Diseases; Interferon gamma receptor deficiency; Mycobacterium tuberculosis, protection against; Mycobacterium tuberculosis, susceptibility to"
IGBP1P2,NA
IGF1R,Craniosynostosis syndrome; Growth delay due to insulin-like growth factor I resistance; IGF1R-related disorder; Inborn genetic diseases; Intellectual disability; Keratoconus; Microcephaly; Monogenic short statue; NK-cell enteropathy; Neurodevelopmental disorder; See cases; Short stature
IGF2,Beckwith-Wiedemann syndrome; Colorectal cancer; EBV-positive nodal T- and NK-cell lymphoma; IGF2-related disorder; INSULIN-LIKE GROWTH FACTOR II POLYMORPHISM; Inborn genetic diseases; See cases; Silver-Russell syndrome 1; Silver-Russell syndrome 3; Wilms tumor 1
IGF2-AS,NA
IGFLR1,NA
IKBKE,Autoimmune connective tissue disease and vasculitis
IKZF1,"Acute lymphoid leukemia; Chronic myelogenous leukemia, BCR-ABL1 positive; Diamond-Blackfan anemia-like; IKZF1-related disorder; Immunodeficiency; Inherited Immunodeficiency Diseases; Leukemia, acute lymphocytic, susceptibility to, 2; Pancytopenia due to IKZF1 mutations; See cases; Teratoma"
IL2RA,IL2RA-related disorder; Immunodeficiency due to CD25 deficiency; Myelodysplasia; Pleural effusion; Type 1 diabetes mellitus 10
IL2RB,IL2RB-related disorder; Ichthyosis; Immunodeficiency 63 with lymphoproliferation and autoimmunity
IL6,".; Cholangiocarcinoma; Crohn disease-associated growth failure, susceptibility to; Diabetes mellitus type 2, susceptibility to; Diabetes mellitus, type 1, susceptibility to; IL6 POLYMORPHISM; IL6-related disorder; Kaposi sarcoma"
IL7R,"Breast neoplasm; Histiocytic medullary reticulosis; IL7R-related disorder; IMMUNODEFICIENCY 104, SEVERE COMBINED, SUSCEPTIBILITY TO; Immunodeficiency 104; Inborn genetic diseases; Multiple myeloma; Multiple sclerosis, susceptibility to, 3; Severe combined immunodeficiency disease; T-B+ severe combined immunodeficiency due to IL-7Ralpha deficiency"
INHA,INHA-related disorder; Premature ovarian failure
INPP4A,"Dyskeratosis congenita, autosomal dominant 1; Hypotonia; Intellectual disability; Microcephaly; Neurodevelopmental disorder with growth impairment, quadriparesis, and poor or absent speech; Nystagmus; Pectus excavatum; visual disturbance"
INPP4B,"Hypercholesterolemia, familial, 1"
INPPL1,INPPL1-related disorder; Inborn genetic diseases; Opsismodysplasia
INS-IGF2,NA
INSR,"46,XY disorder of sex development; Bailey-Bloch congenital myopathy; Esophageal atresia; Hyperinsulinism due to INSR deficiency; INSR-related disorder; Inborn genetic diseases; Insulin resistance; Insulin-resistant diabetes mellitus; Insulin-resistant diabetes mellitus AND acanthosis nigricans; Leprechaunism syndrome; Monogenic diabetes; Pyloric stenosis; Rabson-Mendenhall syndrome; See cases; Type 2 diabetes mellitus"
IRF2,NA
IRF4,"IRF4-related disorder; Immunodeficiency 131; SKIN/HAIR/EYE PIGMENTATION 1, BLUE/NONBLUE EYES; Skin/hair/eye pigmentation, variation in, 8"
IRS1,"IRS1-related disorder; Insulin resistance, susceptibility to; Periventricular heterotopia with microcephaly, autosomal recessive; Type 2 diabetes mellitus"
IRS2,IRS2-related disorder; Type 2 diabetes mellitus
ITGBL1,NA
ITK,Autoimmune lymphoproliferative syndrome type 1; Autoinflammatory syndrome; ITK-related disorder; Inborn genetic diseases; Lymphoproliferative syndrome 1; Vitiligo-associated multiple autoimmune disease susceptibility 1
ITPKA,NA
JAK1,"Acute megakaryoblastic leukemia in down syndrome; Autoinflammation, immune dysregulation, and eosinophilia; Autosomal recessive mendelian susceptibility to mycobacterial diseases due to partial jak1 deficiency; Inborn genetic diseases; JAK1-related disorder"
JAK2,"Acquired polycythemia vera; Acute myeloid leukemia; Budd-Chiari syndrome; Budd-Chiari syndrome, susceptibility to, somatic; ERYTHROCYTOSIS, JAK2-RELATED, SOMATIC; Hereditary breast ovarian cancer syndrome; Hereditary cancer; Inborn genetic diseases; Inherited susceptibility to asthma; JAK2-related disorder; Myeloproliferative disorder; Polycythemia; Premature ovarian failure; Primary familial polycythemia due to EPO receptor mutation; Primary myelofibrosis; SMALL ROUND CELL TUMOR; See cases; Splenomegaly; Thrombocythemia 3"
JAK3,"Hereditary spastic paraplegia; Inborn genetic diseases; JAK3-related disorder; NK-cell enteropathy; Severe combined immunodeficiency disease; Severe combined immunodeficiency, autosomal recessive, T cell-negative, B cell-negative, NK cell-negative, due to adenosine deaminase deficiency; Severe combined immunodeficiency, autosomal recessive, T cell-negative, B cell-negative, NK cell-positive; Susceptibility to severe COVID-19; T-B+ severe combined immunodeficiency due to JAK3 deficiency"
JUN,Breast neoplasm
KAT6A,Absent or delayed speech development; Autism spectrum disorder; Autosomal dominant intellectual disability-craniofacial anomalies-cardiac defects syndrome; Borderline microcephaly; Congenital heart disease; Craniosynostosis syndrome; Developmental delay; Global developmental delay; History of neurodevelopmental disorder; Inborn genetic diseases; Intellectual disability; KAT6A-related disorder; KAT6A-related neurodevelopmental disorder with multiple anomalies; Neurodevelopmental abnormality; Neurodevelopmental disorder; See cases; Syndromic intellectual disability; Vein of Galen aneurysmal malformation
KCNJ5,"Aldosterone-producing adrenal adenoma, somatic; Andersen Tawil syndrome; Cardiovascular phenotype; Familial hyperaldosteronism type III; Hypertrophic cardiomyopathy; KCNJ5-related disorder; Long QT syndrome; Long QT syndrome 13; Primary dilated cardiomyopathy; See cases"
KCNK12,NA
KDM5A,El Hayek-Chahrour neurodevelopmental disorder; Intellectual disability; KDM5A-associated neurodevelopmental syndrome; KDM5A-related Neurodevelopmental disorder with autism; KDM5A-related disorder; See cases; Seizure
KDM5C,Developmental disorder; Hirsutism; Inborn genetic diseases; Intellectual disability; KDM5C-related X-linked syndromic intellectual disability; KDM5C-related disorder; Kabuki syndrome; Multiple myeloma; Neurodevelopmental disorder; Rare genetic intellectual disability; See cases; Smith-Magenis Syndrome-like; Spastic paraplegia; Syndromic X-linked intellectual disability Claes-Jensen type; X-linked syndromic intellectual disability
KDM6A,"Anemia; Autism spectrum disorder; CHARGE syndrome; Inborn genetic diseases; Intellectual disability; KDM6A-related disorder; Kabuki Syndrome - KDM6A; Kabuki syndrome 1; Kabuki syndrome 2; Malignant tumor of urinary bladder; Multiple congenital anomalies/dysmorphic syndrome; Neurodevelopmental disorder; Peripheral precocious puberty; Primary dilated cardiomyopathy; Prostate cancer; See cases; Tremor, hereditary essential, 6"
KDR,"Capillary infantile hemangioma; Carcinoma of colon; Hepatoblastoma; High myopia; Hirschsprung disease, susceptibility to, 1; KDR-related disorder; Premature ovarian failure; Prostate cancer; Teratoma; Tetralogy of Fallot; Tufted angioma of skin"
KEAP1,NA
KEL,KEL-related disorder; KELL K/k BLOOD GROUP POLYMORPHISM; KELL-NULL PHENOTYPE; Kel6 antigen; Kell blood group system; Vein of Galen aneurysmal malformation; Vein of Galen arteriovenous malformations
KIAA0907,NA
KIT,"Acute myeloid leukemia; Autosomal dominant KIT-related disorders; B Lymphoblastic Leukemia/Lymphoma with t(v%3B11q23.3)%3B KMT2A Rearranged; Cutaneous mastocytosis; Dysgerminoma; EBV-positive nodal T- and NK-cell lymphoma; Gastrointestinal stromal tumor; Gastrointestinal stromal tumor, familial; Germ cell tumor of testis; Hereditary breast ovarian cancer syndrome; Hereditary cancer; Hereditary cancer-predisposing syndrome; Hereditary skin disorder; KIT-related disorder; Lip and oral cavity carcinoma; MAST CELL LEUKEMIA, SOMATIC; MASTOCYTOSIS WITH ASSOCIATED HEMATOLOGIC DISORDER, SOMATIC; MASTOCYTOSIS, CUTANEOUS AND SYSTEMIC, SOMATIC; MASTOCYTOSIS, SYSTEMIC, SOMATIC; Malignant tumor of testis; Mastocytosis; Ovarian cancer; Piebaldism; Piebaldism with sensorineural deafness; Piebaldism, progressive; Regorafenib response; Schizophrenia; See cases; Squamous cell lung carcinoma; Systemic mast cell disease"
KLC3,NA
KLF4,KLF4-related disorder
KLHL6,Monoclonal B-Cell Lymphocytosis
KMT2A,Atypical behavior; Autism spectrum disorder; Bilateral ptosis; Cornelia de Lange syndrome 1; Developmental disorder; Hirsutism; Inborn genetic diseases; Intellectual disability; KMT2A-related disorder; Kabuki syndrome 1; Language disorder; Microcephaly; Neurodevelopmental delay; Neurodevelopmental disorder; Rare genetic intellectual disability; Rubinstein Taybi like syndrome; See cases; Wiedemann-Steiner syndrome; intellectual deficiency
KMT2B,"Abnormality of metabolism/homeostasis; Autism; Autism spectrum disorder; Castleman-Kojima disease; Complex neurodevelopmental disorder with motor features; Dysarthria; Dystonia 28, childhood-onset; Dystonia, early-onset, and/or spastic paraplegia; Dystonic disorder; Epilepsy, idiopathic generalized, susceptibility to, 5; Generalized dystonia; Global developmental delay; Inborn genetic diseases; Intellectual developmental disorder, autosomal dominant 68; Intellectual disability; KMT2B-related disorder; Kabuki syndrome 1; Myoclonus; Paediatric disorders; Poor motor coordination; Rare genetic intellectual disability; See cases; Specific learning disability"
KMT2C,"Autism spectrum disorder; Autism, susceptiblity to; Cerebellar atrophy; Developmental and epileptic encephalopathy 92; Dystonia, early-onset, and/or spastic paraplegia; Global developmental delay; Inborn genetic diseases; Intellectual disability; KMT2C-related NDD; KMT2C-related disorder; Kleefstra syndrome; Kleefstra syndrome 1; Kleefstra syndrome 2; Kleefstra syndrome due to a point mutation; Microcephaly; Multiple myeloma; Neurodevelopmental abnormality; Neurodevelopmental delay; Neurodevelopmental disorder; Rare genetic intellectual disability; See cases; Syndromic intellectual disability; Tip-toe gait; atypical cerebral palsy"
KMT2D,"Abnormal pinna morphology; Abnormality of the nervous system; Amblyopia; Astrocytoma; Autism; Autism spectrum disorder; Autism spectrum disorder due to AUTS2 deficiency; Branchial cleft anomaly; CHARGE syndrome; Choanal atresia; Choanal atresia-athelia-hypothyroidism-delayed puberty-short stature syndrome; Complement component C1s deficiency; Congenital anomaly of kidney and urinary tract; Congenital heart disease; Connective tissue nevi; Dandy-Walker syndrome; Dystonia, early-onset, and/or spastic paraplegia; Eccrine porocarcinoma; Familial thoracic aortic aneurysm and aortic dissection; Fetal anomalies with a likely genetic cause; Inborn genetic diseases; Intellectual disability; KMT2D-related disorder; Kabuki syndrome; Kabuki syndrome 1; Left ventricular noncompaction; Lung cancer; Lymphoma; Male infertility with spermatogenesis disorder; Microcephaly; Microtia; Multiple myeloma; Neurodevelopmental abnormality; Neurodevelopmental delay; Neurodevelopmental disorder; Rare genetic intellectual disability; Rubinstein Taybi like syndrome; See cases; Seizure; Smith-Magenis Syndrome-like; Stenosis of the external auditory canal; Strabismus; VISS syndrome; Vein of Galen aneurysmal malformation"
KMT5A,EBV-positive nodal T- and NK-cell lymphoma; Prostate cancer
KRAS,"Acute myeloid leukemia; Atypical endometrial hyperplasia; Autoimmune lymphoproliferative syndrome type 4; Bladder cancer, transitional cell, somatic; Breast adenocarcinoma; Capillary Telangiectasia, Brain; Capillary malformation-arteriovenous malformation 1; Carcinoma of pancreas; Cardio-facio-cutaneous syndrome; Cardiofaciocutaneous syndrome 1; Cardiofaciocutaneous syndrome 2; Cardiovascular phenotype; Cerebral arteriovenous malformation; Chronic myelogenous leukemia, BCR-ABL1 positive; Classic Hodgkin lymphoma; Colorectal cancer; Congenital Pulmonary Airway Malformations; Encephalocraniocutaneous lipomatosis; Endometrial carcinoma; Endometrial hyperplasia without atypia; Epidermal nevus; Familial cancer of breast; Familial pancreatic carcinoma; Fetal anomalies with a likely genetic cause; Gallbladder cancer; Gastric cancer; Hereditary breast ovarian cancer syndrome; Hereditary diffuse gastric adenocarcinoma; Inborn genetic diseases; Juvenile myelomonocytic leukemia; KRAS-related RASopathy; KRAS-related disorder; Linear nevus sebaceous syndrome; Lung adenocarcinoma; Lung cancer; Lung carcinoma; Lung sarcomatoid carcinoma; Malignant tumor of urinary bladder; Mosaic KRAS-related syndrome; Multiple myeloma; Nevus sebaceous; Non-immune hydrops fetalis; Non-small cell lung carcinoma; Noonan syndrome; Noonan syndrome 1; Noonan syndrome 3; Noonan syndrome and Noonan-related syndrome; OCULOECTODERMAL SYNDROME, SOMATIC; Ovarian neoplasm; Pilocytic astrocytoma; Primary familial hypertrophic cardiomyopathy; Primary low grade serous adenocarcinoma of ovary; Prostate cancer, hereditary, 1; RASopathy; Sarcoma; See cases; Squamous cell lung carcinoma; Teratoma; Thyroid cancer, nonmedullary, 1; Toriello-Lacassie-Droste syndrome; Vascular Tumors Including Pyogenic Granuloma; Vascular malformation; Venous malformation"
LATS1,Ependymoma; Malignant peritoneal mesothelioma; Multiple myeloma; Myoepithelial tumor; Teratoma
LATS2,Malignant peritoneal mesothelioma
LIMK1,High myopia; LIMK1-related disorder; See cases; Undetermined early-onset epileptic encephalopathy
LINC00094,NA
LINC00938,NA
LINC01135,NA
LINC01391,NA
LMO1,"LMO1 POLYMORPHISM; LMO1-related disorder; Neuroblastoma, susceptibility to, 7"
LOC100131635,NA
LOC100996325,NA
LOC100996583,NA
LOC101927770,NA
LOC101927932,NA
LOC101928103,NA
LOC101929626,NA
LOC102723824,NA
LOC105373383,NA
LOC110117498-PIK3R3,NA
LOC115110,NA
LOC541472,NA
LOC646626,NA
LRP1B,EBV-positive nodal T- and NK-cell lymphoma; High myopia; Inborn genetic diseases; LRP1B-associated developmental disorder; LRP1B-related disorder; Malignant neoplastic disease; Preeclampsia; Prostate cancer
LRP2,"Cardiac, facial, and digital anomalies with developmental delay; Congenital heart disease; DSD incomplete virilization; Donnai-Barrow syndrome; Hearing impairment; Hearing loss and Retinal dystrophy; High myopia; Inborn genetic diseases; Intellectual disability; LRP2-related disorder; Non-syndromic syndactyly; Prolactin-producing pituitary gland adenoma; Retinal dystrophy; Stickler syndrome"
LRRC14,NA
LRRC24,NA
LRRC41,NA
LRRC56,"Ciliary dyskinesia, primary, 39; Kartagener syndrome; LRRC56-related disorder; Respiratory ciliopathies including non-CF bronchiectasis"
LTK,NA
MAP2K2,Abnormal facial shape; Cardio-facio-cutaneous syndrome; Cardiofaciocutaneous syndrome 1; Cardiofaciocutaneous syndrome 4; Cardiovascular phenotype; Castleman-Kojima disease; High palate; Hypertrophic cardiomyopathy; Hypotension; MAP2K2-related disorder; Malar flattening; Migraine; Mitral valve prolapse; Neurofibromatosis-Noonan syndrome; Noonan syndrome; Noonan syndrome 1; Noonan syndrome and Noonan-related syndrome; Noonan syndrome with multiple lentigines; Pain; RASopathy; Short stature; Smith-Magenis Syndrome-like; Thin skin
MAP2K7,Neuroblastoma
MAP3K1,"46,XY sex reversal 6; Anophthalmia-microphthalmia syndrome; Differences in sex development; Disorder of sexual differentiation; Hearing impairment; Hearing loss; Hereditary cancer-predisposing syndrome; Inborn genetic diseases; MAP3K1-related disorder; Ovarian neoplasm; See cases"
MAP3K13,NA
MAP3K14,Immunodeficiency 112; MAP3K14-related disorder; NIK deficiency
MAP3K14-AS1,NA
MAP4K2,NA
MAST3,Developmental and epileptic encephalopathy; Developmental and epileptic encephalopathy 108; Inborn genetic diseases; MAST3-related disorder; Neurodevelopmental disorder; Pervasive developmental disorder
MAX,"Hereditary cancer-predisposing syndrome; Hereditary pheochromocytoma and paraganglioma; MAX-associated Macrocephaly and Polydactyly syndrome; MAX-related disorder; Pheochromocytoma; Pheochromocytoma, susceptibility to; Polydactyly-macrocephaly syndrome; Retinoblastoma"
MCL1,High myopia
MDC1,Oligoasthenoteratozoospermia
MDC1-AS1,NA
MDM4,Bone marrow failure syndrome 6; MDM4-related disorder; Pfeiffer syndrome
MED12,"Abnormal facial shape; Absent speech; Angiosarcoma; Blepharophimosis - intellectual disability syndrome, MKB type; Broad thumb; Cardiovascular phenotype; Cholestasis-pigmentary retinopathy-cleft palate syndrome; Congenital anomaly of kidney and urinary tract; Corpus callosum, agenesis of; Dilated cardiomyopathy 1Y; Ehlers-Danlos syndrome, classic type; Expressive language delay; FG syndrome; FG syndrome 1; Familial thoracic aortic aneurysm and aortic dissection; Glioblastoma; Global developmental delay; History of neurodevelopmental disorder; Imperforate anus; Inborn genetic diseases; Intellectual disability; MED12-Related Disorders; MED12-related intellectual disability syndrome; MED12-related neurodevelopmental delay; Microcephaly; Nephroblastoma; Neurodevelopmental delay; Neurodevelopmental disorder; Nonspecific Intellectual Disability; See cases; Seizure; Simpson-Golabi-Behmel syndrome type 1; Syndromic intellectual disability; Uterine leiomyoma; Ventriculomegaly; Wilms tumor 1; X-linked MED12-related disorder; X-linked MED12-related disorders; X-linked intellectual disability with marfanoid habitus"
MEF2B,NA
MEN1,"Abnormal circulating calcium concentration; Adrenocortical adenoma; Angiofibroma, somatic; Calcium nephrolithiasis; Chronic diarrhea; Diabetes mellitus; Diffuse midline glioma, H3 K27-altered; Ependymoma; Familial hyperparathyroidism or Hypocalciuric hypercalcaemia; Familial isolated hyperparathyroidism; Gastrointestinal stromal tumor; Gigantism; Hereditary breast ovarian cancer syndrome; Hereditary cancer; Hereditary cancer-predisposing syndrome; Hyperparathyroidism; Hyperparathyroidism 1; Hypertensive disorder; Lipoma, somatic; Lung carcinoid tumor; MEN1-related disorder; Medullary thyroid carcinoma; Multiple endocrine neoplasia; Multiple endocrine neoplasia, type 1; Neoplasm of the endocrine system; Neuroblastoma; Ovarian cancer; Pancreatic insulin-producing neuroendocrine tumor; Parathyroid adenoma, somatic; Parathyroid gland adenoma; Pituitary adenoma 5, multiple types; Pituitary dependent hypercortisolism; Primary hyperparathyroidism; Somatotroph adenoma; Thyroid adenoma"
MERTK,Autosomal recessive retinitis pigmentosa; Cone-rod dystrophy; Inborn genetic diseases; MERTK-related disorder; Optic atrophy; Retinal disorder; Retinal dystrophy; Retinitis pigmentosa; Retinitis pigmentosa 38
MET,"Arthrogryposis, distal, IIa 11; Arthrogryposis, distal, type 1A; Autism, susceptibility to, 9; Autosomal Recessive Nonsyndromic Hearing Loss and Deafness; Autosomal recessive nonsyndromic hearing loss 97; Breast carcinoma; Classic Hodgkin lymphoma; Colorectal cancer; Congenital diaphragmatic hernia; Hepatoblastoma; Hepatocellular carcinoma; Hereditary cancer; Hereditary cancer-predisposing syndrome; Hereditary papillary renal cell carcinoma; Intellectual disability; Lung carcinoma; Lymphedema; MET-related disorder; Neuroblastoma; Nonsyndromic genetic hearing loss; Osteofibrous dysplasia; Ovarian cancer; Papillary renal cell carcinoma type 1; Pediatric hepatocellular carcinoma; Renal cell carcinoma; Squamous cell lung carcinoma"
METTL21EP,NA
METTL23,"Inborn genetic diseases; Intellectual disability; Intellectual disability, autosomal recessive 44; METTL23-related disorder"
MFSD11,NA
MFSD3,NA
MGA,MGA related disorder; Multiple myeloma; Premature ovarian failure 26
MIEN1,NA
MIR1237,NA
MIR3185,NA
MIR3190,NA
MIR3191,NA
MIR3918,NA
MIR4479,NA
MIR4640,NA
MIR4669,NA
MIR4673,NA
MIR4713,NA
MIR4713HG,NA
MIR4728,NA
MIR4761,NA
MIR483,NA
MIR5196,NA
MIR548L,NA
MIR559,NA
MIR636,NA
MIR6515,NA
MIR6759,NA
MIR6769B,NA
MIR6795,NA
MIR6894,NA
MIR6895,NA
MITF,"Anophthalmia-microphthalmia syndrome; Autosomal dominant nonsyndromic hearing loss; Coloboma, osteopetrosis, microphthalmia, macrocephaly, albinism, and deafness; Congenital sensorineural hearing impairment; Ear malformation; Familial melanoma; Hearing impairment; Hereditary breast ovarian cancer syndrome; Hereditary cancer-predisposing syndrome; Heterochromia iridis; Intellectual disability; MITF-related disorder; Melanoma; Melanoma, cutaneous malignant, susceptibility to, 8; Monogenic hearing loss; Nonsyndromic Deafness; Nonsyndromic genetic hearing loss; Oculocutaneous albinism type 4; Poliosis; Prelingual sensorineural hearing impairment; Rare genetic deafness; Renal cell carcinoma; Tietz syndrome; Waardenburg syndrome; Waardenburg syndrome type 1; Waardenburg syndrome type 2; Waardenburg syndrome type 2A"
MLH1,"Bile duct cancer; Breast and/or ovarian cancer; Breast carcinoma; Breast-ovarian cancer, familial, susceptibility to, 1; Carcinoma of colon; Childhood neoplasm; Colon cancer; Colonic neoplasm; Colorectal cancer, hereditary nonpolyposis, type 2; Colorectal cancer, non-polyposis; Colorectal cancer, sporadic, susceptibility to; Endometrial carcinoma; Familial cancer of breast; Familial colorectal cancer; Gastric cancer; Hereditary breast ovarian cancer syndrome; Hereditary cancer; Hereditary cancer-predisposing syndrome; Hereditary nonpolyposis colon cancer; Hereditary nonpolyposis colorectal carcinoma; Hereditary nonpolyposis colorectal neoplasms; Inherited MMR deficiency (Lynch syndrome); Inherited ovarian cancer (without breast cancer); Inherited polyposis and early onset colorectal cancer - germline testing; Lung adenocarcinoma; Lung cancer; Lynch syndrome; Lynch syndrome 1; Lynch syndrome 5; Lynch-like syndrome; MLH1-related disorder; Malignant tumor of breast; Mismatch repair cancer syndrome 1; Muir-Torré syndrome; Ovarian cancer; Primary peritoneal carcinoma; See cases; Squamous cell carcinoma"
MRE11,Ataxia-telangiectasia-like disorder; Ataxia-telangiectasia-like disorder 1; Breast carcinoma; Colonic neoplasm; Dementia; Depression; Dystonic disorder; Eccrine porocarcinoma; Hereditary breast ovarian cancer syndrome; Hereditary cancer; Hereditary cancer-predisposing syndrome; MRE11-related disorder; Malignant tumor of urinary bladder; Ovarian cancer; Ovarian neoplasm; Parkinsonian disorder; Premature ovarian insufficiency; Renal transitional cell carcinoma; See cases; Triple-negative breast cancer
MRPS18C,NA
MS4A1,"Immunodeficiency, common variable, 5; MS4A1-related disorder"
MSH2,"ADRENAL HYPERPLASIA, CONGENITAL, DUE TO 21-HYDROXYLASE DEFICIENCY; Ataxia-telangiectasia syndrome; Bile duct cancer; Breast and/or ovarian cancer; Breast carcinoma; Breast-ovarian cancer, familial, susceptibility to, 1; Cancer or benign tumor; Carcinoma of colon; Colon cancer; Colonic diverticula; Colorectal cancer; Colorectal cancer, hereditary nonpolyposis, type 2; Colorectal cancer, non-polyposis; Endometrial carcinoma; Ependymoma; Familial cancer of breast; Familial colorectal cancer; Gastric cancer; Glioblastoma; Hepatoblastoma; Hereditary breast ovarian cancer syndrome; Hereditary cancer; Hereditary cancer-predisposing syndrome; Hereditary nonpolyposis colon cancer; Hereditary nonpolyposis colorectal carcinoma; Hereditary nonpolyposis colorectal neoplasms; Infiltrating duct carcinoma of breast; Inherited MMR deficiency (Lynch syndrome); Inherited ovarian cancer (without breast cancer); Inherited polyposis and early onset colorectal cancer - germline testing; Intestinal polyposis syndrome; Lynch syndrome; Lynch syndrome 1; Lynch syndrome 4; Lynch-like syndrome; MSH2 POLYMORPHISM; MSH2-related disorder; Malignant glioma; Malignant tumor of ascending colon; Malignant tumor of breast; Mismatch repair cancer syndrome 1; Mismatch repair cancer syndrome 2; Muir-Torré syndrome; Multiple monogenic benign skin tumours; Ovarian cancer; Ovarian cyst; Ovarian neoplasm; Papillary renal cell carcinoma type 1; Polyp of colon; Rectal neoplasm; Rhabdomyosarcoma; Sarcoma; See cases; Sigmoid colon cancer; Uterine corpus cancer"
MSH3,"Constitutional megaloblastic anemia with severe neurologic disease; Diffuse midline glioma, H3 K27-altered; Endometrial carcinoma; Familial adenomatous polyposis 4; Gastrointestinal stromal tumor; Hereditary cancer; Hereditary cancer-predisposing syndrome; Inborn genetic diseases; MSH3-related disorder"
MSH6,"Abnormality of the ovary; B Lymphoblastic Leukemia/Lymphoma with t(9%3B22)(q34.1%3Bq11.2)%3B BCR-ABL1; Breast and/or ovarian cancer; Breast carcinoma; Breast-ovarian cancer, familial, susceptibility to, 1; Carcinoma of colon; Cerebellar medulloblastoma; Colon adenocarcinoma; Colorectal / endometrial cancer; Colorectal cancer; Colorectal cancer, early onset; Colorectal cancer, non-polyposis; Endometrial cancer; Endometrial carcinoma; FBXO11-related disorder; Familial cancer of breast; Familial colorectal cancer; Familial prostate cancer; Gastric cancer; Gaucher disease type I; Hepatoblastoma; Hereditary breast ovarian cancer syndrome; Hereditary cancer; Hereditary cancer-predisposing syndrome; Hereditary nonpolyposis colon cancer; Hereditary nonpolyposis colorectal carcinoma; Hereditary nonpolyposis colorectal neoplasms; Inborn genetic diseases; Inherited MMR deficiency (Lynch syndrome); Inherited ovarian cancer (without breast cancer); Inherited polyposis and early onset colorectal cancer - germline testing; Inherited prostate cancer; Intellectual developmental disorder with dysmorphic facies and behavioral abnormalities; Lung sarcomatoid carcinoma; Lynch syndrome; Lynch syndrome 1; Lynch syndrome 4; Lynch syndrome 5; Lynch-like syndrome; MSH6-related disorder; Malignant tumor of breast; Mismatch repair cancer syndrome 1; Mismatch repair cancer syndrome 3; Neurodevelopmental disorder; Ovarian cancer; Ovarian carcinoma; Ovarian neoplasm; Papillary carcinoma of the corpus uteri; Prostate cancer; Rhabdomyosarcoma; See cases; Sigmoid colon cancer; Uterine corpus cancer; bilateral breast cancer"
MST1R,"MST1R-related disorder; Multiple myeloma; Nasopharyngeal carcinoma, susceptibility to, 3"
MTHFR,"Abnormality of metabolism/homeostasis; Autism; Bilateral tonic-clonic seizure; Delayed speech and language development; Gastrointestinal stromal tumor; Generalized cerebral atrophy/hypoplasia; Global developmental delay; Homocystinuria due to methylene tetrahydrofolate reductase deficiency; Inborn genetic diseases; Infantile spasms; Intellectual disability; Lower limb spasticity; MTHFR THERMOLABILE POLYMORPHISM; MTHFR-related disorder; Mendelian syndromes with cleft lip/palate; Mental deterioration; Neural tube defect; Neural tube defects, folate-sensitive; Prostate cancer; Rare genetic intellectual disability; Schizophrenia; Schizophrenia, susceptibility to; Secondary microcephaly; See cases; Spasticity; Thrombophilia due to thrombin defect; Vascular dementia; methotrexate response - Toxicity"
MTOR,"Abnormal facial shape; Abnormality of the skeletal system; Autism spectrum disorder; Autosomal dominant epilepsy; CEBALID syndrome; Dystonia, early-onset, and/or spastic paraplegia; Familial thoracic aortic aneurysm and aortic dissection; Hemimegalencephaly; Inborn genetic diseases; Intellectual disability; Isolated focal cortical dysplasia type II; MTOR-related disorder; MTOR-related megalencephaly and pigmentary mosaicism in skin; Macrocephaly; Macrocephaly-intellectual disability-neurodevelopmental disorder-small thorax syndrome; Neurodevelopmental disorder; Neurodevelopmental disorder, MTOR related; Overgrowth syndrome; Overgrowth syndrome and/or cerebral malformations due to abnormalities in MTOR pathway genes; Papillary renal cell carcinoma type 1; Rare genetic intellectual disability; See cases; Seizure; Severe intellectual disability"
MTOR-AS1,NA
MUTYH,"Anaplastic/large cell medulloblastoma; Autosomal recessive MUTYH-related disorders; B lymphoblastic leukemia lymphoma, no ICD-O subtype; Breast carcinoma; Carcinoma of colon; Colon cancer; Colonic neoplasm; Colorectal adenomatous polyposis, autosomal recessive, with pilomatricomas; Colorectal cancer; Colorectal polyposis; Diffuse midline glioma, H3 K27-altered; Dysembryoplastic neuroepithelial tumor; Endometrial cancer; Endometrial carcinoma; Ependymoma; Familial adenomatous polyposis 1; Familial adenomatous polyposis 2; Familial cancer of breast; Familial colorectal cancer; Familial colorectal cancer type X; Familial multiple polyposis syndrome; Gastric cancer; Hepatoblastoma; Hereditary breast ovarian cancer syndrome; Hereditary cancer; Hereditary cancer-predisposing syndrome; Hereditary spastic paraplegia 7; Inborn genetic diseases; Infant-type hemispheric glioma; Inherited polyposis and early onset colorectal cancer - germline testing; Lynch syndrome 1; MUTYH-related Breast Cancer; MUTYH-related disorder; Malignant tumor of breast; Medulloblastoma; Medulloblastoma SHH activated and TP53 wild-type; Neoplasm of stomach; Ovarian cancer; Ovarian carcinoma; Pilocytic astrocytoma; Pilomatrixoma; Pleomorphic xanthoastrocytoma BRAF mutant; Pontocerebellar hypoplasia type 7; Retinoblastoma; See cases; Small intestine carcinoid; TOE1-related disorder"
MYB,MYB-related disorder
MYC,Burkitt lymphoma; Cholesteatoma of middle ear; Classic Hodgkin lymphoma; MYC-related disorder; Premature ovarian failure
MYCL,NA
Mar-09,NA
NBN,"Acute lymphoid leukemia; Aplastic anemia; Breast and/or ovarian cancer; Breast cancer, susceptibility to; Breast carcinoma; Breast-ovarian cancer, familial, susceptibility to, 1; Breast-ovarian cancer, familial, susceptibility to, 2; Carcinoma of colon; Carcinoma of pancreas; Diffuse midline glioma, H3 K27-altered; Familial cancer of breast; Familial ovarian cancer; Familial prostate cancer; Gastric cancer; Hepatocellular carcinoma; Hereditary breast ovarian cancer syndrome; Hereditary cancer; Hereditary cancer-predisposing syndrome; Leukemia, acute lymphoblastic, susceptibility to; Leukemia, acute lymphocytic, susceptibility to, 1; Lissencephaly; Lymphoma; Malignant lymphoma, large B-cell, diffuse; Malignant tumor of breast; Microcephaly; Microcephaly, normal intelligence and immunodeficiency; Monogenic short stature; NBN-related disorder; Ovarian cancer; Ovarian carcinoma; Pediatric high-grade glioma; Premature ovarian insufficiency; Prostate cancer; Prostate cancer susceptibility; See cases"
NCOA3,Bilateral sensorineural hearing impairment
NCOR1,Autism spectrum disorder; Developmental delay; Familial cancer of breast; Hyperlaxity; NCOR1-related Neurodevelopmental disorder; NCOR1-related autism spectrum disorder; NCOR1-related disorder; Thin skin
NDUFA6-AS1,NA
NEGR1,NEGR1-related disorder
NF1,"Abnormal electroretinogram; Abnormal lymph node morphology; Abnormal macular morphology; Abnormal macular pigmentation; Abnormality of the skin; Abnormality of vision; Acute monoblastic leukemia; Acute monocytic leukemia; Astrocytoma IDH-mutant; Atypical coarctation of aorta; Autism spectrum disorder; Axillary freckling; Bardet-Biedl syndrome 9; Breast-ovarian cancer, familial, susceptibility to, 1; Cafe au lait spots, multiple; Cafe-au-lait spot; Café-au-lait macules with pulmonary stenosis; Cardiovascular phenotype; Cervical lymphadenopathy; Chromosome 17q11.2 deletion syndrome, 1.4Mb; Cleft palate; Craniopharyngioma; Delayed fine motor development; Delayed speech and language development; Developmental defect during embryogenesis; Diffuse intrinsic pontine glioma; Diffuse midline glioma, H3 K27-altered; Diffuse pediatric-type high-grade glioma, H3-wildtype and IDH-wildtype; EEG with generalized slow activity; EVI2A-related disorder; Ewing sarcoma; Febrile seizure (within the age range of 3 months to 6 years); Floppy infant; Focal T2 hyperintense basal ganglia lesion; Focal-onset seizure; Gastric cancer; Hereditary breast ovarian cancer syndrome; Hereditary cancer; Hereditary cancer-predisposing syndrome; Hereditary pheochromocytoma and paraganglioma; Hyperactivity; Inborn genetic diseases; Increased nuchal translucency; Inguinal freckling; Intellectual disability; Juvenile myelomonocytic leukemia; Keratoconus; Large cafe-au-lait macules with irregular margins; Lisch nodules; Lymphedema; Macrocephaly; Macrothrombocytopenia and granulocyte inclusions with or without nephritis or sensorineural hearing loss; Male infertility with azoospermia or oligozoospermia due to single gene mutation; Malignant lymphoma, large B-cell, diffuse; Malignant tumor of urinary bladder; Microcephaly; Mosaic neurofibromatosis type 1; Motor delay; Moyamoya angiopathy; Multiple myeloma; Myeloproliferative neoplasm, unclassifiable; Myopathy, centronuclear, 5; NF1-related disorder; Neoplasm of brain; Neurocutaneous syndrome; Neurodevelopmental delay; Neurofibrmatosis type 1; Neurofibroma; Neurofibromatosis; Neurofibromatosis type 1 due to NF1 mutation or intragenic deletion; Neurofibromatosis, familial spinal; Neurofibromatosis, type 1; Neurofibromatosis-Noonan syndrome; OMG-related disorder; Optic nerve glioma; Ovarian cancer; Pheochromocytoma; Pigmentary skin disorders; Pilocytic astrocytoma; Plexiform neurofibroma; Precursor B-cell acute lymphoblastic leukemia; Premature birth; Primary familial hypertrophic cardiomyopathy; RASopathy; Retinoblastoma; Rhabdomyosarcoma; See cases; Spinal neurofibroma; Strabismus; Subcutaneous neurofibroma; Thoracic scoliosis; Tibial pseudarthrosis; Tuberous sclerosis syndrome; Vascular dilatation; Visual loss"
NF2,"Acoustic neuroma; Autosomal dominant polycystic liver disease; Bilateral vestibular schwannoma; Choroid plexus carcinoma; Ependymoma; Familial meningioma; Hereditary cancer; Hereditary cancer-predisposing syndrome; Inborn genetic diseases; Malignant neoplasm of nervous system; Malignant tumor of breast; Marfanoid habitus and intellectual disability; Meningioma; NF2-related disorder; Neurofibromatosis, type 1; Neurofibromatosis, type 2; SMARCB1-related schwannomatosis; See cases; Spindle cell sarcoma"
NFKBIA,Ectodermal dysplasia and immunodeficiency 2; Inborn genetic diseases; Inherited Immunodeficiency Diseases; NFKBIA-related disorder; Prostate cancer; Sterile multifocal osteomyelitis with periostitis and pustulosis
NOP10,"Cataracts, hearing impairment, nephrotic syndrome, and enterocolitis 2; Dyskeratosis congenita; Dyskeratosis congenita, autosomal recessive 1; Hereditary cancer-predisposing syndrome; Pulmonary fibrosis and/or bone marrow failure syndrome, telomere-related, 9"
NOTCH1,"Abnormal cardiovascular system morphology; Abnormal vena cava morphology; Abnormality of connective tissue; Adams-Oliver syndrome; Adams-Oliver syndrome 2; Adams-Oliver syndrome 5; Anophthalmia-microphthalmia syndrome; Aortic tortuosity; Aortic valve disease 1; Aortic valve disorder; Arterial dissection; Autosomal dominant NOTCH1-related disorders; Benign hereditary chorea; Bicuspid aortic valve; Cardiovascular phenotype; Cataract; Cholesteatoma of middle ear; Chronic adenoiditis; Congenital anomaly of kidney and urinary tract; Congenital heart anomalies; Congenital heart disease; Connective tissue disorder; Early T cell progenitor acute lymphoblastic leukemia; Ehlers-Danlos syndrome, type 3; Esophageal atresia; Familial thoracic aortic aneurysm and aortic dissection; Heart, malformation of; Hypoplastic left heart syndrome; Inborn genetic diseases; KA-like vemurafenib-induced squamous lesions; Keratoacanthoma; Marfan syndrome; Myeloproliferative neoplasm, unclassifiable; NOTCH1-related disorder; Narrow palate; Neurofibromatosis, type 1; Pulmonary arterial hypertension; Pyloric stenosis; See cases; Shone complex; Tetralogy of Fallot; Thoracic aortic aneurysm"
NOTCH2,"Alagille syndrome due to a NOTCH2 point mutation; Congenital anomaly of kidney and urinary tract; Congenital heart anomalies; Congenital heart disease; Hajdu-Cheney syndrome; Hereditary breast ovarian cancer syndrome; Hirschsprung disease, susceptibility to, 1; Hypoplastic left heart syndrome; Inborn genetic diseases; KA-like vemurafenib-induced squamous lesions; Keratoacanthoma; Monoclonal B-Cell Lymphocytosis; NOTCH2-related disorder; Paediatric disorders; Premature ovarian failure; See cases; VATER association"
NOTCH3,"Abnormal brain morphology; Abnormal cerebral white matter morphology; Adams-Oliver syndrome 5; Adult onset neurodegenerative disorder; Atypical behavior; Auditory neuropathy; Breast ductal adenocarcinoma; Cerebral arterial disease; Cerebral arteriopathy with subcortical infarcts and leukoencephalopathy; Cerebral arteriopathy with subcortical infarcts and leukoencephalopathy 2; Cerebral arteriopathy, autosomal dominant, with subcortical infarcts and leukoencephalopathy, type 1; Cerebral arteriopathy, autosomal recessive, with subcortical infarcts and leukoencephalopathy 1; Cerebral cavernous malformation; Cerebral small vessel disease; Cognitive impairment; Depression; Familial partial lipodystrophy, Kobberling type; Inborn genetic diseases; Ischemic stroke; Lateral meningocele syndrome; Leukodystrophy, Adult-Onset; Migraine; Migraine with aura; Migraine without aura; Myofibromatosis, infantile, 1; Myofibromatosis, infantile, 2; NOTCH3-related disorder; Progressive psychomotor deterioration; Prostate cancer; Pulmonary arterial hypertension; Recurrent subcortical infarcts; See cases; Sneddon syndrome; Stroke disorder; Tension-type headache; Transient ischemic attack; Vascular dementia; Vascular parkinsonism"
NOTCH4,Aganglionic megacolon; Anophthalmia-microphthalmia syndrome; Cerebral arteriovenous malformation; Congenital anomaly of kidney and urinary tract; Congenital heart disease
NPM1,Acute myeloid leukemia; Acute myeloid leukemia with multilineage dysplasia; Bone marrow failure syndrome; Dyskeratosis congenita; Myelodysplastic syndrome progressed to acute myeloid leukemia; NPM1-related disorder
NQO1,"Benzene toxicity, susceptibility to; Gastric cancer; NQO1-related disorder"
NSD1,Abnormal cerebral morphology; Acute myeloid leukemia; Beckwith-Wiedemann syndrome; Choroid plexus carcinoma; Congenital diaphragamitc hernia; Delayed gross motor development; Delayed speech and language development; Global developmental delay; Hereditary cancer; Hereditary spastic paraplegia 8; High anterior hairline; High forehead; Holoprosencephaly 2; Hypertelorism; Hypoplasia of the corpus callosum; Inborn genetic diseases; Increased body weight; Intellectual disability; Macrocephaly; Marfanoid habitus and intellectual disability; Microcephaly; NSD1-related disorder; Neurodevelopmental delay; Neurodevelopmental disorder; Non-immune hydrops fetalis; Osteopenia; Overgrowth; Pointed chin; Preeclampsia; Scoliosis; See cases; Sotos syndrome; Tall stature
NSD2,4p partial monosomy syndrome; Anemia; Clubfoot; Enlarged kidney; Furrowed tongue; Hepatomegaly; Hypertrophic cardiomyopathy; Hypoglycemia; Inborn genetic diseases; Intracranial hemorrhage; Lymphoma; Macroglossia; Microcephaly; NSD2-associated disorder; NSD2-related disorder; NSD2-related neurodevelopmental disorder; Neurodevelopmental delay; Neurodevelopmental disorder; Persistent patent ductus venosus; Rauch-Steindl syndrome; Retrognathia; Syndromic intellectual disability; Thrombocytopenia; Ventricular septal defect; WHSC1-related disorder; Wolf-Hirschhorn like syndrome; atypical Wolf-Hirschhorn syndrome
NT5C2,Hereditary spastic paraplegia; Hereditary spastic paraplegia 45; Inborn genetic diseases; Microcephaly; NT5C2-related disorder; Neurodevelopmental disorder
NTRK1,Aganglionic megacolon; Charcot-Marie-Tooth disease; Familial medullary thyroid carcinoma; Hereditary cancer; Hereditary insensitivity to pain with anhidrosis; Hereditary sensory and autonomic neuropathy; Inborn genetic diseases; Intellectual disability; NTRK1-related disorder; Neurodevelopmental disorder; Ovarian cancer; PAIN SENSITIVITY QUANTITATIVE TRAIT LOCUS 1; Premature ovarian failure; Pyruvate kinase deficiency of red cells; X-linked lymphoproliferative disease due to SH2D1A deficiency
NTRK2,"Autism spectrum disorder; Developmental and epileptic encephalopathy, 58; Developmental disorder; Early onset severe obesity; Inborn genetic diseases; Inherited obesity; Intellectual disability; NTRK2-related disorder; Neuroblastoma; Obesity; Obesity, hyperphagia, and developmental delay; See cases"
NTRK3,Cabozantinib resistance; Entrectinib resistance; Larotrectinib resistance; NTRK3-related disorder; Neonatal cardiomyopathy; Premature ovarian insufficiency; Repotrectinib resistance; Selitrectinib resistance
NUF2,4p partial monosomy syndrome; Microcephaly; Short stature
NUP93,"Focal segmental glomerulosclerosis; Inborn genetic diseases; NUP93-related disorder; Nephrotic syndrome; Nephrotic syndrome, type 12"
NUTM1,NA
OBSL1,3M syndrome 1; 3M syndrome 2; Inborn genetic diseases; Monogenic short stature; OBSL1-related disorder; Short stature
P2RX2,Autosomal dominant nonsyndromic hearing loss; Autosomal dominant nonsyndromic hearing loss 41; Bilateral sensorineural hearing impairment; P2RX2-related disorder
PA2G4,NA
PAFAH1B3,Autism spectrum disorder
PAK3,"Congenital anomaly of kidney and urinary tract; History of neurodevelopmental disorder; Inborn genetic diseases; Intellectual disability; Intellectual disability, X-linked 30; Microcephaly; PAK3-related disorder"
PAK5,NA
PANDAR,NA
PARK2,NA
PARP1,Hereditary renal cell carcinoma; PARP1-related disorder
PARP2,NA
PAX5,"Acute lymphoid leukemia; Inborn genetic diseases; Leukemia, acute lymphoblastic, susceptibility to, 3; Neurodevelopmental disorder; PAX5-related disorder"
PDCD1,PDCD1-related disorder; RECLASSIFIED - PDCD1 POLYMORPHISM
PDCD1LG2,NA
PDGFRA,"Carcinoma of colon; Gastrointestinal stromal tumor; Hereditary cancer; Hereditary cancer-predisposing syndrome; Hypereosinophilic syndrome, idiopathic, resistant to imatinib; Idiopathic hypereosinophilic syndrome; Isolated cleft palate; Lung sarcomatoid carcinoma; Myeloproliferative neoplasm, unclassifiable; Ovarian cancer; PDGFRA-related disorder; Polyps, multiple and recurrent inflammatory fibroid, gastrointestinal; Squamous cell lung carcinoma"
PDIA2,NA
PGR,NA
PGR-AS1,NA
PHOX2A,"Fibrosis of extraocular muscles, congenital, 2; Inborn genetic diseases; PHOX2A-related disorder"
PIK3C2B,PIK3C2B-related disorder
PIK3C2G,Esophageal atresia/tracheoesophageal fistula; PLCZ1-related disorder; Premature coronary artery atherosclerosis; Spermatogenic failure 17
PIK3C3,NA
PIK3CA,"Abnormal cardiovascular system morphology; Abnormal cerebral morphology; Abnormality of the hairline; Angioosteohypertrophic syndrome; Arteriovenous malformation; Breast adenocarcinoma; Breast carcinoma; CEREBRAL CAVERNOUS MALFORMATIONS 4, SOMATIC; CLAPO syndrome; CLOVES syndrome; Capillary malformation; Capillary malformation-arteriovenous malformation 1; Carcinoma of colon; Cavernous lymphangioma; Cerebral cavernous malformation 4; Cerebrofacial Vascular Metameric Syndrome (CVMS); Colorectal cancer; Congenital macrodactylia; Corpus callosum, agenesis of; Cowden syndrome; Cowden syndrome 1; Cowden syndrome 5; Diaphragmatic eventration; Eccrine angiomatous hamartoma; Ectopic tissue; Endometrial carcinoma; Epidermal nevus; Facial asymmetry; Familial cancer of breast; Focal-onset seizure; Gallbladder cancer; Gastric cancer; Global developmental delay; Glycogen storage disease, type II; HEMIFACIAL MYOHYPERPLASIA, SOMATIC; Hemifacial myohyperplasia; Hemihypertrophy; Hemimegalencephaly; Hepatocellular carcinoma; Hereditary cancer-predisposing syndrome; Histone Methylation Therapy response; Hypertelorism; Hypospadias; Inborn genetic diseases; Intestinal duplication; Keratoacanthoma; Klippel-Trenaunay-like-Syndrome; Lip and oral cavity carcinoma; Lung cancer; Lung carcinoma; Lymphatic malformation; MACRODACTYLY, SOMATIC; Macrocephaly; Macrodactyly of toe; Malignant tumor of urinary bladder; Megalencephaly, autosomal dominant; Megalencephaly-capillary malformation-polymicrogyria syndrome; Neoplasm of stomach; Non-small cell lung carcinoma; Noonan syndrome 8; OVARIAN CANCER, EPITHELIAL, SOMATIC; Ovarian cancer; Ovarian neoplasm; Overgrowth; Overgrowth syndrome and/or cerebral malformations due to abnormalities in MTOR pathway genes; PIK3C1-related disorder; PIK3CA constitutional syndrome; PIK3CA overgrowth syndrome; PIK3CA related overgrowth syndrome; PIK3CA-Related Overgrowth Spectrum Disorders; PIK3CA-related disorder; PIK3CA-related overgrowth; Polycystic kidney disease; Prostate cancer; Rare combined vascular malformation; Rare venous malformation; Rosette-forming glioneuronal tumor; Sarcoma; Seborrheic keratosis; See cases; Segmental undergrowth associated with lymphatic malformation; Segmental undergrowth associated with mainly venous malformation with capillary component; Seizure; Squamous cell lung carcinoma; Stroke disorder"
PIK3CG,Cystic fibrosis; Immunodeficiency 97 with autoinflammation; Inborn genetic diseases; Keratoconus; Long QT syndrome; PIK3CG-related disorder; Prostate cancer
PIK3R1,"Activated PI3K-delta syndrome; Agammaglobulinemia 7, autosomal recessive; CLOVES syndrome; Colorectal cancer; Immunodeficiency 14; Immunodeficiency 36 with lymphoproliferation; Inborn genetic diseases; Inherited Immunodeficiency Diseases; Multiple congenital anomalies/dysmorphic syndrome; Overgrowth syndrome; PIK3R1-related disorder; Prostate cancer; SHORT syndrome; See cases; Vascular Malformations and Overgrowth; Vascular malformation"
PIK3R2,Inborn genetic diseases; Intellectual disability; Megalencephaly-capillary malformation-polymicrogyria syndrome; Megalencephaly-polymicrogyria-polydactyly-hydrocephalus syndrome 1; Megalencephaly-polymicrogyria-postaxial polydactyly-hydrocephalus syndrome; Multiple myeloma; Overgrowth syndrome; Overgrowth syndrome and/or cerebral malformations; Overgrowth syndrome and/or cerebral malformations due to abnormalities in MTOR pathway genes; PIK3R2-related disorder; Seizure
PIK3R3,Familial cancer of breast
PIM1,NA
PLCG2,Autoinflammation-PLCG2-associated antibody deficiency-immune dysregulation; Clonal Cytopenia of Undetermined Significance; Familial cold autoinflammatory syndrome; Familial cold autoinflammatory syndrome 3; Inborn genetic diseases; PLCG2-related disorder; Recurrent fever
PLEKHJ1,NA
PLK2,Esophageal atresia; Hereditary breast ovarian cancer syndrome; Pyloric stenosis
PMS2,"Breast and/or ovarian cancer; Breast carcinoma; Breast neoplasm; Breast-ovarian cancer, familial, susceptibility to, 1; Breast-ovarian cancer, familial, susceptibility to, 2; Burkitt lymphoma; Cancer or benign tumor; Carcinoma of colon; Colon cancer; Colorectal cancer, non-polyposis; Constitutional mismatch repair deficiency syndrome; Diffuse pediatric-type high-grade glioma, H3-wildtype and IDH-wildtype; Dilated cardiomyopathy 1G; Endometrial carcinoma; Familial cancer of breast; Gastric cancer; Hepatocellular carcinoma; Hereditary breast ovarian cancer syndrome; Hereditary cancer; Hereditary cancer-predisposing syndrome; Hereditary nonpolyposis colon cancer; Hereditary nonpolyposis colorectal carcinoma; Hereditary nonpolyposis colorectal neoplasms; Hypertrophic cardiomyopathy 9; Inherited MMR deficiency (Lynch syndrome); Inherited polyposis and early onset colorectal cancer - germline testing; Lymphoma; Lynch syndrome; Lynch syndrome 1; Lynch syndrome 4; Lynch syndrome 5; Lynch-like syndrome; Malignant lymphoma, large B-cell, diffuse; Malignant tumor of breast; Mismatch repair cancer syndrome 1; Mismatch repair cancer syndrome 4; Ovarian cancer; Ovarian neoplasm; PMS2-related cancer disorders; PMS2-related disorder; Pituitary carcinoma; Polyp of colon; Rhabdomyosarcoma"
PNRC1,NA
POLD1,"Adenomatous polyp of colon; Bile duct cancer; Carcinoma of colon; Carcinoma of pancreas; Colon cancer; Colorectal cancer; Colorectal cancer, susceptibility to, 10; Combined immunodeficiency; Endometrial carcinoma; Familial colorectal cancer; Familial colorectal cancer type X; Familial ovarian cancer; Hereditary cancer; Hereditary cancer-predisposing syndrome; Immunodeficiency 120; Infiltrating duct carcinoma of breast; Inherited polyposis and early onset colorectal cancer - germline testing; Intellectual disability; Lipodystrophy - childhood onset; Malignant tumor of breast; Mandibular hypoplasia-deafness-progeroid syndrome; Micrognathia; POLD1-related disorder; Polymerase proofreading-related adenomatous polyposis; See cases"
POLE,"Autosomal dominant nonsyndromic hearing loss 41; Cancer or benign tumor; Carcinoma of colon; Colon cancer; Colorectal cancer; Colorectal cancer susceptibility 12; Colorectal cancer, susceptibility to, 10; Colorectal cancer, susceptibility to, 12; Colorectal carcinoma; Cystic fibrosis-gastritis-megaloblastic anemia syndrome; Diffuse midline glioma, H3 K27-altered; Endometrial carcinoma; Endometrioid adenocarcinoma; Facial dysmorphism-immunodeficiency-livedo-short stature syndrome; Familial colorectal cancer; Familial colorectal cancer type X; Familial ovarian cancer; Hereditary cancer; Hereditary cancer-predisposing syndrome; Inherited polyposis and early onset colorectal cancer - germline testing; Intestinal polyposis syndrome; Intrauterine growth retardation, metaphyseal dysplasia, adrenal hypoplasia congenita, genital anomalies, and immunodeficiency; Malignant tumor of breast; Myoepithelial tumor; Neuroepithelial neoplasm; POLE Exonuclease Domain Mutation; POLE-related disorder; POLE-related polyposis and colorectal cancer syndrome; Pediatric high-grade glioma; Polymerase proofreading-related adenomatous polyposis; Programmed death ligand-1 (PD-L1) blocking antibody response; XFE progeroid syndrome"
POLR1C,"Hearing impairment; Hypomyelinating leukodystrophy 11; Inborn genetic diseases; Leukoencephalopathy, progressive, with ovarian failure; POLR1C-related disorder; Treacher Collins syndrome 3; XPO5-related disorder"
PPARG,".; CAROTID INTIMAL MEDIAL THICKNESS 1; Carcinoma of colon; DIABETES MELLITUS, TYPE II, DIGENIC; Familial partial lipodystrophy; Glioma susceptibility 1; INSULIN RESISTANCE, DIGENIC; Inborn genetic diseases; Inherited obesity; Lipodystrophy; Lipodystrophy - childhood onset; Monogenic diabetes; Morbid obesity; Obesity; PPARG POLYMORPHISM; PPARG-related disorder; PPARG-related familial partial lipodystrophy; Type 2 diabetes mellitus"
PPP1R13L,Arrhythmogenic cardiomyopathy with variable ectodermal abnormalities; Cardio-cutaneous syndrome; Cardiovascular phenotype; Inborn genetic diseases; Multiple congenital anomalies/dysmorphic syndrome; OMIM:607463; Orofacial cleft; PPP1R13L-associated cardiac phenotype; PPP1R13L-related disorder; Primary dilated cardiomyopathy
PPP4R2,NA
PPP6C,NA
PRAC2,NA
PRDM1,PRDM1-related disorder
PRDM14,NA
PREX2,Cerebral arteriovenous malformation; Lip and oral cavity carcinoma; PREX2-related disorder; Prostate cancer
PRKAG1,EBV-positive nodal T- and NK-cell lymphoma
PRKAR1A,"ARSG-related disorder; Acrodysostosis 1 with or without hormone resistance; Adrenocortical tumor, somatic; Albright hereditary osteodystrophy, pseudohypoparathyroidism, pseudopseudohypoparathyroidism, acrodysostosis and osteoma cutis; Amelogenesis imperfecta type 1G; Arrhythmogenic right ventricular dysplasia 10; Carney complex; Carney complex, type 1; Endocrine pancreas disorder; FAM20A-related disorder; Familial atrial myxoma; Hereditary cancer; Hereditary cancer-predisposing syndrome; Inborn genetic diseases; Medulloblastoma; Neural tube defect; PRKAR1A-related disorder; Pigmented nodular adrenocortical disease, primary, 1; Usher syndrome, type 4; WIPI1-related disorder"
PRKD1,Congenital heart defects and ectodermal dysplasia; Intellectual disability; Neurodevelopmental delay; PRKD1-related disorder; Premature ovarian failure; Prostate cancer
PRKDC,Immunodeficiency 26 without neurologic abnormalities; Malignant tumor of breast; Microcephaly; PRKDC-related disorder; See cases; Severe combined immunodeficiency due to DNA-PKcs deficiency
PSMB8,"Autoinflammatory syndrome; Inborn genetic diseases; PROTEASOME-ASSOCIATED AUTOINFLAMMATORY SYNDROME 1, DIGENIC; PSMB8-related disorder; PSMB8-related dominant condition; Proteasome-associated autoinflammatory syndrome 1; Proteosome-associated autoinflammatory syndrome; See cases"
PSMB8-AS1,NA
PSMB9,PSMB9-related disorder; Proteasome-associated autoinflammatory syndrome 3; Proteasome-associated autoinflammatory syndrome 6; proteasome-associated autoinflammatory syndrome with immunodeficiency (PRAAS-ID)
PTCH1,"4-5 toe syndactyly; Abnormal cardiovascular system morphology; Abnormal eye morphology; Acute myeloid leukemia; Anophthalmia-microphthalmia syndrome; Autism spectrum disorder; Basal cell carcinoma; Basal cell carcinoma, somatic; Basal cell carcinoma, susceptibility to, 1; Basal cell nevi; Basal cell nevus syndrome 1; Breast carcinoma; Cataract; Charcot-Marie-Tooth disease; Congenital heart disease; Congenital hydrocephalus; Craniopharyngioma; Craniosynostosis syndrome; Disproportionate tall stature; Fraser syndrome 3; Germinoma; Gorlin syndrome; Hereditary breast ovarian cancer syndrome; Hereditary cancer; Hereditary cancer-predisposing syndrome; Hereditary leiomyomatosis and renal cell cancer; Hereditary skin disorder; Hirschsprung disease, susceptibility to, 1; Holoprosencephaly 7; Holoprosencephaly sequence; Inborn genetic diseases; Intellectual disability; Irido-corneo-trabecular dysgenesis; Lens luxation; Lung adenocarcinoma; Macrocephaly; Medulloblastoma; Microform holoprosencephaly; Myopia; Neuroblastoma; Ovarian cancer; Overgrowth; PTCH1-related disorder; Pituitary stalk interruption syndrome; Polydactyly of a triphalangeal thumb; Postaxial polydactyly; Precocious puberty; Retinoblastoma; Rhabdomyosarcoma; Rieger anomaly; See cases; Turner syndrome; Uterine leiomyoma; sellar metastasis from primary bronchial carcinoid tumor"
PTK2,Autism; Bulbous nose; Deeply set eye; Dental crowding; Epicanthus; Failure to thrive; High palate; Hypertonia; Hypotonia; Mandibular prognathia; Shallow orbits
PTK6,Keratoconus
PTPRCAP,NA
PTPRD,EBV-positive nodal T- and NK-cell lymphoma; Neurodevelopmental disorder; PTPRD-related disorder; Prostate cancer
PTPRS,Hearing impairment; NK-cell enteropathy; PTPRS-related disorder
PTPRT,Abnormal brain morphology; Abnormality of neuronal migration; Autism spectrum disorder; Intellectual disability; PTPRT-associated neurodevelopmental disorder; PTPRT-associated neurodevelopmentaldisorder; PTPRT-related disorder
PXMP2,NA
PYROXD1,Inborn genetic diseases; Myofibrillar myopathy 8; PYROXD1-related disorder
QKI,NA
RAC2,Immunodeficiency 73b with defective neutrophil chemotaxis and lymphopenia; Immunodeficiency 73c with defective neutrophil chemotaxis and hypogammaglobulinemia; Inborn genetic diseases; Neutrophil immunodeficiency syndrome; Prostate cancer; RAC2-related disorder
RAD23A,NA
RAD50,"Breast and/or ovarian cancer; Breast cancer, susceptibility to; Breast carcinoma; Breast-ovarian cancer, familial, susceptibility to, 1; Breast-ovarian cancer, familial, susceptibility to, 2; Breast-ovarian cancer, familial, susceptibility to, 3; Familial cancer of breast; Hepatocellular carcinoma; Hereditary breast ovarian cancer syndrome; Hereditary cancer-predisposing syndrome; Lung sarcomatoid carcinoma; Malignant tumor of breast; Medulloblastoma; Meningioma; Myoepithelial tumor; Neoplasm of the skin; Neuroepithelial tumor, PATZ1 fusion-positive; Nijmegen breakage syndrome-like disorder; Ovarian cancer; Premature ovarian insufficiency; Prostate cancer; RAD50-related disorder; See cases"
RAD51B,"Diffuse pediatric-type high-grade glioma, H3-wildtype and IDH-wildtype; Familial cancer of breast; Hereditary breast ovarian cancer syndrome; Hereditary cancer; Hereditary cancer-predisposing syndrome; Poly (ADP-Ribose) polymerase inhibitor response; RAD51B-related cancer predisposition; RAD51B-related disorder"
RAD51C,"Breast and/or ovarian cancer; Breast carcinoma; Breast-ovarian cancer, familial, susceptibility to, 1; Breast-ovarian cancer, familial, susceptibility to, 2; Breast-ovarian cancer, familial, susceptibility to, 3; Carcinoma of colon; Childhood neoplasm; Endometrial carcinoma; Familial cancer of breast; Familial ovarian cancer; Familial ovarian carcinoma; Fanconi anemia complementation group O; Gastric cancer; Hereditary breast ovarian cancer syndrome; Hereditary cancer; Hereditary cancer-predisposing syndrome; Hereditary site-specific ovarian cancer syndrome; Inherited breast cancer and ovarian cancer; Inherited ovarian cancer (without breast cancer); Long QT syndrome; Malignant tumor of breast; Microcephaly; Ovarian cancer; Ovarian neoplasm; Premature ovarian failure; Premature ovarian insufficiency; RAD51C-related cancer predisposition; RAD51C-related disorder; Uterine corpus cancer"
RAD52,Congenital myasthenic syndrome 19; Pilocytic astrocytoma; RAD52-related disorder
RAD54L,"Astrocytoma IDH-mutant; Autosomal dominant hypophosphatemic rickets; Breast ductal adenocarcinoma; Colon adenocarcinoma; Familial cancer of breast; Germ cell tumor; Hereditary breast ovarian cancer syndrome; Hereditary diffuse gastric adenocarcinoma; Inborn genetic diseases; Lymphoma, non-Hodgkin, familial; Non-Hodgkin lymphoma; Pilocytic astrocytoma; Polymorphous low grade neuroepithelial tumor of the young; Premature ovarian failure; RAD54L-related disorder"
RAF1,Cardiovascular phenotype; Dilated cardiomyopathy 1NN; Glioma; Hereditary cancer; Hypertrophic cardiomyopathy 1; Inborn genetic diseases; LEOPARD syndrome 2; Left ventricular noncompaction cardiomyopathy; Monogenic short statue; Noonan syndrome; Noonan syndrome 1; Noonan syndrome 3; Noonan syndrome 5; Noonan syndrome and Noonan-related syndrome; Noonan syndrome with multiple lentigines; Pituitary stalk interruption syndrome; Primary dilated cardiomyopathy; Primary familial hypertrophic cardiomyopathy; RAF1-related disorder; RASopathy; See cases; Trigonitis; Ventricular tachycardia
RARA,Colorectal carcinoma; Familial meningioma; Inborn genetic diseases; Mendelian syndromes with cleft lip/palate; Meniere disease; Syndromic disease; Tretinoin response
RASA1,"Angioosteohypertrophic syndrome; Arteriovenous malformation; Basal cell carcinoma, somatic; Basal cell carcinoma, susceptibility to, 1; Capillary infantile hemangioma; Capillary malformation; Capillary malformation-arteriovenous malformation 1; Capillary malformation-arteriovenous malformation syndrome; Cardiovascular phenotype; Cerebral venous angioma; Gorham-Stout disease; Hereditary hemorrhagic telangiectasia; Hydrops fetalis; Inborn genetic diseases; RASA1-related disorder; See cases; Vascular malformation; Vascular skin disorders; Wieacker-Wolff syndrome"
RB1,"B Lymphoblastic Leukemia/Lymphoma, Not Otherwise Specified; B lymphoblastic leukemia lymphoma with t(12%3B21)(p13%3Bq22)%3B TEL-AML1 (ETV6-RUNX1); Bone osteosarcoma; Hereditary cancer; Hereditary cancer-predisposing syndrome; Hereditary retinoblastoma; Hypotrichosis 8; Inborn genetic diseases; LPAR6-related disorder; Lip and oral cavity carcinoma; Lung adenocarcinoma; Lynch syndrome 4; Malignant tumor of urinary bladder; Medulloblastoma; Optic atrophy; Ovarian cancer; Ovarian neoplasm; RB1-related disorder; Retinal dystrophy; Retinoblastoma; See cases; Small cell lung carcinoma; Squamous cell carcinoma; Trilateral retinoblastoma; Wooly hair, autosomal recessive 1, with or without hypotrichosis; Wooly hair, autosomal recessive 3"
RECQL,Abnormal facial shape; Familial cancer of breast; Familial ovarian cancer; Hepatoblastoma; Hereditary breast ovarian cancer syndrome; Hereditary cancer; Hereditary cancer-predisposing syndrome; Malignant neoplastic disease; RECON progeroid syndrome; RECQL-related disorder; Seizure; Short stature
RECQL4,Absent radius; B lymphoblastic leukemia lymphoma with t(12%3B21)(p13%3Bq22)%3B TEL-AML1 (ETV6-RUNX1); Baller-Gerold syndrome; Congenital heart disease; Ehlers-Danlos syndrome; Familial cancer of breast; Familial meningioma; Fetal anomalies with a likely genetic cause; Hepatoblastoma; Hereditary cancer-predisposing syndrome; High grade surface osteosarcoma; Inborn genetic diseases; Malignant fibrous histiocytoma; Malignant tumor of breast; Multiple myeloma; Ovarian cancer; RECQL4-related disorder; RECQL4-related spectrum disorders; Rapadilino syndrome; Rothmund-Thomson syndrome; Rothmund-Thomson syndrome type 2; See cases; Susceptibility to severe COVID-19
REL,Immunodeficiency 92; REL-related disorder
RET,"Abnormal facial shape; Abnormality of the digestive system; Aganglionic megacolon; Appendicitis; Breast carcinoma; Breast-ovarian cancer, familial, susceptibility to, 1; Colorectal cancer; Congenital anomaly of kidney and urinary tract; Congenital central hypoventilation; Constipation; Diffuse pediatric-type high-grade glioma, H3-wildtype and IDH-wildtype; Elevated basal serum calcitonin; Ependymoma; Ewing sarcoma of soft tissue; Familial cancer of breast; Familial hyperparathyroidism or Hypocalciuric hypercalcaemia; Familial medullary thyroid carcinoma; Family history of cancer; Gingival overgrowth; Hepatocellular carcinoma; Hereditary cancer; Hereditary cancer-predisposing syndrome; Hirschsprung disease, protection against; Hirschsprung disease, susceptibility to, 1; Hypertelorism; Hypothyroidism; Inborn genetic diseases; Inherited phaeochromocytoma and paraganglioma excluding NF1; Joint hypermobility; MEN2 phenotype: Unclassified; MULTIPLE ENDOCRINE NEOPLASIA, TYPE IIA, WITH HIRSCHSPRUNG DISEASE; MULTIPLE ENDOCRINE NEOPLASIA, TYPE IIA, WITHOUT PHEOCHROMOCYTOMA; Malignant tumor of breast; Medullary thyroid carcinoma; Medulloblastoma; Megacolon; Microcephaly; Multiple endocrine neoplasia; Multiple endocrine neoplasia II; Multiple endocrine neoplasia type 2A; Multiple endocrine neoplasia type 2B; Multiple endocrine neoplasia, type 2; Neoplasm of the endocrine system; Ovarian cancer; Pheochromocytoma; Pilocytic astrocytoma; Prostate neoplasm; RET-related disorder; Renal hypodysplasia/aplasia 1; Renal hypoplasia/aplasia; See cases; Sensorineural hearing loss disorder; Short stature; Tetralogy of Fallot; Thick vermilion border; Thyroid carcinoma, sporadic medullary; Thyroid gland carcinoma"
RHBDD1,NA
RHEB,Hemimegalencephaly; Intellectual disability; Isolated focal cortical dysplasia type II; Neurodevelopmental delay; RHEB-related disorder; Seizure
RICTOR,Inborn genetic diseases; Premature ovarian failure
RIT1,Cardio-facio-cutaneous syndrome; Cardiovascular phenotype; Congenital heart disease; Downslanted palpebral fissures; Fibrous dysplasia of jaw; Hypertelorism; Inborn genetic diseases; Megalencephaly-capillary malformation-polymicrogyria syndrome; Monogenic short statue; Non-immune hydrops fetalis; Noonan syndrome; Noonan syndrome 1; Noonan syndrome 8; Noonan syndrome and Noonan-related syndrome; Pedal edema; RASopathy; RIT1-related disorder; Short stature
RNF212B,Female infertility
RNF43,Colon serrated polyposis; Hereditary cancer; Hereditary cancer-predisposing syndrome; Hyperplastic polyposis syndrome; Inherited polyposis and early onset colorectal cancer - germline testing; RNF43-related disorder; Sessile serrated polyposis cancer syndrome
ROCK1,See cases
ROS1,Abnormal brain morphology; Lung adenocarcinoma; Lung sarcomatoid carcinoma; Male infertility with azoospermia or oligozoospermia due to single gene mutation; ROS1-related disorder; Short stature; Squamous cell carcinoma
RPS6KA4,NA
RPS6KB2,RPS6KB2-related disorder
RPTOR,NA
RRAS2,Inborn genetic diseases; Noonan syndrome; Noonan syndrome 12; Ovarian neoplasm; RASopathy; RRAS2-related disorder; See cases
RRM1,"Progressive external ophthalmoplegia with mitochondrial dna deletions, autosomal recessive 6; RRM1-related disorder"
RSPH10B,NA
RTEL1,"Abnormality of blood and blood-forming tissues; Action myoclonus-renal failure syndrome; Acute myeloid leukemia; Adams-Oliver syndrome 3; Combined oxidative phosphorylation defect type 24; Developmental disorder; Dyskeratosis congenita; Dyskeratosis congenita, X-linked; Dyskeratosis congenita, autosomal dominant 1; Dyskeratosis congenita, autosomal dominant 4; Dyskeratosis congenita, autosomal recessive 1; Dyskeratosis congenita, autosomal recessive 5; Immunodeficiency; Inborn genetic diseases; Interstitial lung disease 2; Microcephaly; Pulmonary fibrosis; Pulmonary fibrosis and/or bone marrow failure, Telomere-related, 1; Pulmonary fibrosis and/or bone marrow failure, Telomere-related, 3; RTEL1-related disorder; See cases; Telomere syndrome"
RTEL1-TNFRSF6B,NA
RXRA,Multiple myeloma
SCARNA11,NA
SDC4,Type 2 diabetes mellitus
SDHA,"B-lymphoblastic leukemia/lymphoma with hypodiploidy; Cancer or benign tumor; Cardiac arrhythmia; Carney triad; Childhood neoplasm; Diffuse midline glioma, H3 K27-altered; Diffuse pediatric-type high-grade glioma, H3-wildtype and IDH-wildtype; Dilated cardiomyopathy 1GG; Dystonia, early-onset, and/or spastic paraplegia; Gastrointestinal stromal tumor; Hereditary cancer-predisposing syndrome; Hereditary pheochromocytoma and paraganglioma; Hereditary renal cell carcinoma; Incidental Discovery; Inherited phaeochromocytoma and paraganglioma excluding NF1; Intellectual disability; Leigh syndrome; Mitochondrial complex II deficiency, nuclear type 1; Multiple endocrine neoplasia type 2A; Neoplasm of brain; Neurodegeneration with ataxia and late-onset optic atrophy; Opsoclonus-myoclonus syndrome; Paraganglioma; Pheochromocytoma; Pheochromocytoma/paraganglioma syndrome 1; Pheochromocytoma/paraganglioma syndrome 4; Pheochromocytoma/paraganglioma syndrome 5; Pilocytic astrocytoma; Primary dilated cardiomyopathy; Pulmonary artery atresia; Rhabdomyosarcoma; SDHA-related disorder; See cases; Sick sinus syndrome 2, autosomal dominant; Skeletal myopathy"
SDHAF2,Hereditary cancer-predisposing syndrome; Hereditary pheochromocytoma and paraganglioma; Inherited phaeochromocytoma and paraganglioma excluding NF1; Ovarian cancer; Pheochromocytoma/paraganglioma syndrome 2; SDHAF2-related disorder
SDHB,"Cardiac arrhythmia; Carney triad; Carney-Stratakis syndrome; Cowden syndrome; Cowden syndrome 1; Gastrointestinal stromal tumor; Hereditary cancer-predisposing syndrome; Hereditary pheochromocytoma and paraganglioma; Inherited phaeochromocytoma and paraganglioma excluding NF1; Inherited renal cancer; Malignant tumor of breast; Mitochondrial complex 2 deficiency, nuclear type 4; Mitochondrial complex II deficiency, nuclear type 1; Ovarian cancer; Papillary renal cell carcinoma type 1; Paraganglioma; Paragangliome / Pheochromocytome; Pheochromocytoma; Pheochromocytoma/paraganglioma syndrome 4; Renal cell carcinoma; Renal neoplasm; SDHB-related disorder; Von Hippel-Lindau syndrome; bilateral breast cancer"
SESN1,NA
SESN2,NA
SETD2,"Acute megakaryoblastic leukemia without down syndrome; Autism; Autism spectrum disorder; Cerebellar vermis hypoplasia; Congenital cerebellar hypoplasia; Congenital portosystemic shunt; Corpus callosum, agenesis of; Dandy-Walker syndrome; Developmental disorder; Genetic developmental and epileptic encephalopathy; Genetic syndrome with a Dandy-Walker malformation as major feature; Hereditary ataxia; Inborn genetic diseases; Intellectual developmental disorder, autosomal dominant 70; Intellectual disability; Luscan-Lumish syndrome; Neurodevelopmental disorder; Obesity; Rabin-Pappas syndrome; SETD2 associated neurodevelopmental disorder with multiple congenital anomalies; SETD2-related disorder; SETD2-related neurodevelopmental disorder without or with macrocephaly/overgrowth; See cases; Teratoma; Ventriculomegaly; Wee1 Inhibitor response"
SF3B1,"Acute myeloid leukemia; Chronic myelogenous leukemia, BCR-ABL1 positive; Myelodysplastic syndrome; Myelodysplastic syndrome progressed to acute myeloid leukemia; Neurodevelopmental disorder; SF3B1-related disorder; See cases"
SH2B3,Familial myelofibrosis; Hepatoblastoma; Hereditary cancer; Hereditary cancer-predisposing syndrome; Inborn genetic diseases; Juvenile myelomonocytic leukemia; Multiple myeloma; Primary familial polycythemia due to EPO receptor mutation; Primary myelofibrosis; SH2B3-related disorder; Thrombocythemia 1; Thrombocytosis
SH2D2A,NA
SLAMF7,Autism
SLC34A2,Hereditary breast ovarian cancer syndrome; Inborn genetic diseases; PULMONARY ALVEOLAR MICROLITHIASIS; SLC34A2-related disorder
SLC7A8,Cataract; Short stature
SLCO1B1,Cardiovascular phenotype; Gestational diabetes mellitus uncontrolled; Gilbert syndrome; Rotor syndrome; SLCO1B1-related disorder; See cases; atorvastatin response - Metabolism/PK; atorvastatin response - Toxicity; fluvastatin response - Metabolism/PK; fluvastatin response - Toxicity; hmg coa reductase inhibitors response - Toxicity; lovastatin acid response - Metabolism/PK; lovastatin response - Metabolism/PK; lovastatin response - Toxicity; pitavastatin response - Metabolism/PK; pravastatin response - Toxicity; rosuvastatin response - Metabolism/PK; rosuvastatin response - Toxicity; simvastatin acid response - Metabolism/PK; simvastatin response - Metabolism/PK; simvastatin response - Toxicity
SLX4,Familial cancer of breast; Fanconi anemia; Fanconi anemia complementation group A; Fanconi anemia complementation group P; Glioblastoma multiforme; Hepatoblastoma; Hereditary breast ovarian cancer syndrome; Hereditary cancer; Hereditary cancer-predisposing syndrome; Inborn genetic diseases; Intellectual disability; Malignant tumor of breast; Microcephaly; Monogenic short statue; Olaparib response; Pituitary stalk interruption syndrome; SLX4-related disorder
SMAD3,"Aneurysm-osteoarthritis syndrome; Aortic aneurysm; Aortic aneurysm, familial thoracic 6; Aortic aneurysm, familial thoracic, SMAD3 related; Arterial dissection; Ascending aortic dissection; Cardiovascular phenotype; Congenital aneurysm of ascending aorta; Connective tissue disorder; Coronary artery disorder; Cutaneous polyarteritis nodosa; Ehlers-Danlos syndrome; Familial aortopathy; Familial thoracic aortic aneurysm and aortic dissection; Idiopathic spontaneous coronary artery dissection; Isolated thoracic aortic aneurysm; Loeys-Dietz syndrome; Lung cancer; SMAD3-related disorder; See cases; Thoracic aortic aneurysm; Thoracic aortic aneurysm or dissection; Vascular dilatation"
SMARCA4,"Anophthalmia-microphthalmia syndrome; Atrial septal defect; Autistic behavior; Cerebral palsy; Childhood neoplasm; Cleft palate; Coffin-Siris syndrome; Coffin-Siris syndrome 1; Delayed speech and language development; Diffuse midline glioma, H3 K27-altered; Facial asymmetry; Global developmental delay; Hereditary cancer; Hereditary cancer-predisposing syndrome; Hereditary nonpolyposis colon cancer; Inborn genetic diseases; Intellectual disability; Intellectual disability, autosomal dominant 16; Malignant tumor of breast; Medulloblastoma; Microcephaly; Neuroblastoma; Neurodevelopmental disorder; Obesity; Otosclerosis 12; Ovarian neoplasm; Rhabdoid tumor predisposition syndrome 2; SMARCA4-related BAFopathy; SMARCA4-related disorder; See cases; Seizure; Single transverse palmar crease; Small cell carcinoma of the ovary, hypercalcemic type; Strabismus; Ventricular septal defect; bilateral breast cancer; intellectual deficiency"
SMIM40,NA
SMO,"Basal cell carcinoma, somatic; Basal cell carcinoma, susceptibility to, 1; Congenital hypothalamic hamartoma syndrome; Congenital ocular coloboma; Curry-Jones syndrome; Inborn genetic diseases; Microcephaly; SMO-related disorder; See cases"
SMYD3,Cerebellar dysfunction with variable cognitive and behavioral abnormalities
SNORD13G,NA
SNORD13H,NA
SOCS1,"AUTOINFLAMMATORY SYNDROME, FAMILIAL, WITHOUT IMMUNODEFICIENCY; Autoimmune hemolytic anemia; Autoimmune thrombocytopenia; Autoimmune thrombocytopenic purpura; Autoinflammatory syndrome with immunodeficiency; EBV-positive nodal T- and NK-cell lymphoma; Malignant lymphoma, large B-cell, diffuse; SOCS1-related disorder; Systemic lupus erythematosus"
SOD2,"Microvascular complications of diabetes, susceptibility to, 6; SOD2 POLYMORPHISM"
SOX17,"Chronic kidney disease; Inborn genetic diseases; Pulmonary arterial hypertension; Pulmonary hypertension, primary, 7; SOX17-related disorder; SOX17-related pulmonary arterial hypertension; Sox17- related disorders; Vesicoureteral reflux; Vesicoureteral reflux 3"
SOX9,3-Oxo-5 alpha-steroid delta 4-dehydrogenase deficiency; Acampomelic Campomelic Dysplasia; Bent bone dysplasia; CAMPOMELIC DYSPLASIA WITH AUTOSOMAL SEX REVERSAL; Camptomelic dysplasia; Colorectal cancer; Connective tissue disorder; Fetal anomalies with a likely genetic cause; Inborn genetic diseases; Intellectual disability; Prostate cancer; SOX9-related disorder; See cases
SOX9-AS1,NA
SPATA32,NA
SPEN,Autism spectrum disorder; Breast ductal adenocarcinoma; Developmental disorder; Encephalopathy; Hypotonic infant; Inborn genetic diseases; Myoepithelial tumor; Neurodevelopmental abnormality; Neurodevelopmental delay; Radio-Tartaglia syndrome; SPEN-related disorder; SPEN-related neurodevelopmental disorder; See cases
SPIB,NA
SPRED1,"Cardiovascular phenotype; Costello syndrome; Inborn genetic diseases; Incidental Discovery; Legius syndrome; Male infertility with spermatogenesis disorder; Neurodevelopmental delay; Neurofibromatosis, type 1; Neurofibromatosis-Noonan syndrome; Noonan syndrome; Noonan syndrome and Noonan-related syndrome; RASopathy; SPRED1-related disorder; See cases"
SPRY2,"IgA nephropathy, susceptibility to, 3; SPRY2-related disorder"
SRC,"Colon cancer, advanced; Intellectual disability, autosomal dominant 40; Osteoporosis; Primary myelofibrosis; SRC-related disorder; Thrombocytopenia; Thrombocytopenia 6"
SRD5A2,3-Oxo-5 alpha-steroid delta 4-dehydrogenase deficiency; Autism spectrum disorder; Differences in sex development; Inborn genetic diseases; Micropenis; SRD5A2 POLYMORPHISM; SRD5A2-related disorder; See cases; Urogenital tract malformation
SRMS,NA
SRSF2,"Acute megakaryoblastic leukemia in down syndrome; Acute myeloid leukemia; Atypical chronic myeloid leukemia, BCR-ABL1 negative; SRSF2-related disorder"
STK11,"Arthrogryposis, distal, with impaired proprioception and touch; B Lymphoblastic Leukemia/Lymphoma, Not Otherwise Specified; Bile duct cancer; Breast and/or ovarian cancer; Breast cancer, susceptibility to; Breast carcinoma; Breast-ovarian cancer, familial, susceptibility to, 2; Carcinoma of colon; Carcinoma of pancreas; Childhood neoplasm; Embryonal rhabdomyosarcoma; Endometrial carcinoma; Familial adenomatous polyposis 1; Familial adenomatous polyposis 2; Familial ovarian cancer; Familial pancreatic carcinoma; Gastric cancer; Generalized juvenile polyposis/juvenile polyposis coli; Germ cell tumor of testis; Hepatoblastoma; Hereditary breast ovarian cancer syndrome; Hereditary cancer; Hereditary cancer-predisposing syndrome; Intestinal polyposis; Lip and oral cavity carcinoma; Lung adenocarcinoma; Malignant neoplasm of brain; Malignant tumor of breast; Malignant tumor of testis; Marfanoid habitus and intellectual disability; Melanoma; Melanoma, cutaneous malignant, susceptibility to, 1; Multiple endocrine neoplasia, type 1; Ovarian cancer; Periorbital hyperpigmentation; Peutz-Jeghers syndrome; Pigmentary skin disorders; STK11-related disorder; See cases; Squamous cell carcinoma; Squamous cell lung carcinoma"
STK19,NA
SUFU,"B Lymphoblastic Leukemia/Lymphoma, Not Otherwise Specified; Basal cell nevus syndrome 1; Basal cell nevus syndrome 2; Congenital fibrosarcoma; Craniopharyngioma; Familial meningioma; Gorlin syndrome; Hereditary cancer-predisposing syndrome; Joubert syndrome 32; Medulloblastoma; Meningioma; Microform holoprosencephaly; Neurodevelopmental disorder; Oculomotor apraxia; Oculomotor apraxia - Cogan type; Prostate cancer; SUFU-related disorder; SUFU-related ocular motor apraxia; See cases"
SUPT4H1,NA
SYK,Arthritis; Colitis; Decreased circulating immunoglobulin concentration; Immunodeficiency; Immunodeficiency 82 with systemic inflammation; Joint swelling; Long QT syndrome; SYK-related disorder; Skin rash
SYTL3,NA
TAP1,"Inborn genetic diseases; MHC class I deficiency; MHC class I deficiency 1; PEPTIDE TRANSPORTER PSF1 POLYMORPHISM; TAP1 deficiency, somatic; TAP1-related disorder"
TAP2,EBV-positive nodal T- and NK-cell lymphoma; Inborn genetic diseases; MHC class I deficiency; MHC class I deficiency 1; MHC class I deficiency 2; TAP2 POLYMORPHISM; TAP2-related disorder
TBX3,Eccrine porocarcinoma; Inborn genetic diseases; Obesity; TBX3-related disorder; Ulnar-mammary syndrome
TCF3,"Agammaglobulinemia 8, autosomal dominant; Agammaglobulinemia 8b, autosomal recessive; Castleman-Kojima disease; Inborn genetic diseases; Multiple myeloma; Myeloproliferative neoplasm, unclassifiable; Neurodevelopmental disorder with behavioral abnormalities, absent speech, and hypotonia; See cases; TCF3-related disorder"
TCF7L2,"Autism; Complex neurodevelopmental disorder; Diabetes mellitus type 2, susceptibility to; Inborn genetic diseases; Intellectual disability; Neurodevelopmental abnormality; Neurodevelopmental delay; Normal pregnancy; TCF7L2-related Intellectual disability; TCF7L2-related disorder; TCF7L2-related neurodevelopmental disorder; TCF7L2-relatedIntellectual disability; Type 2 diabetes mellitus"
TCOF1,"Cleft lip/palate; Ehlers-Danlos syndrome; Emery-Dreifuss muscular dystrophy 4, autosomal dominant; Hearing impairment; Inborn genetic diseases; Intellectual disability; Microcephaly; See cases; TCOF1-related disorder; Treacher Collins syndrome; Treacher Collins syndrome 1"
TEK,"Abnormal cardiovascular system morphology; Arteriovenous malformation; Blue rubber bleb nevus; Bockenheimer syndrome; Glaucoma 3, primary congenital, E; Glaucoma 3, primary infantile, B; Inborn genetic diseases; Multiple cutaneous and mucosal venous malformations; Neutropenia, severe congenital, 2, autosomal dominant; Segmental undergrowth associated with venous malformation without capillary component; TEK-related disorder; Vascular malformation; Vascular skin disorders; Venous malformation; Ventricular septal defect"
TERT,"Abnormal pulmonary interstitial morphology; Acute myeloid leukemia; Aplastic anemia; Autosomal recessive dyskeratosis congenita 4; Breast carcinoma; Chronic diarrhea; Chronic obstructive pulmonary disease; Chronic osteomyelitis; Combined pulmonary fibrosis-emphysema syndrome; Coronary artery disease, susceptibility to; Decreased circulating immunoglobulin concentration; Developmental and epileptic encephalopathy, 18; DiGeorge syndrome; Dyskeratosis congenita; Dyskeratosis congenita, autosomal dominant 1; Dyskeratosis congenita, autosomal dominant 2; Dyskeratosis congenita, autosomal recessive 1; Dyskeratosis congenita, autosomal recessive 5; Esophageal atresia; Hepatoblastoma; Hepatocellular carcinoma; Hereditary breast ovarian cancer syndrome; Hereditary cancer-predisposing syndrome; Hoyeraal-Hreidarsson syndrome; Idiopathic Pulmonary Fibrosis; Immunodeficiency; Inherited Immunodeficiency Diseases; Intellectual disability; Interstitial lung disease 2; Leukemia, acute myeloid, susceptibility to; Lung sarcomatoid carcinoma; Macrocytic anemia; Malignant tumor of breast; Malignant tumor of urinary bladder; Melanoma, cutaneous malignant, susceptibility to, 1; Melanoma, cutaneous malignant, susceptibility to, 9; Microcephaly; Myelodysplasia; Premature graying of hair; Pulmonary fibrosis; Pulmonary fibrosis and/or bone marrow failure, Telomere-related, 1; Pyloric stenosis; Short telomere length; Susceptibility to severe coronavirus disease (COVID-19); TERT-associated disorder; TERT-related disorder; Telomere syndrome"
TESK2,NA
TET1,Hearing impairment; Hypothyroidism; Neurodevelopmental delay; TET1-related disorder
TET2,"Angioimmunoblastic T-cell lymphoma; Atypical chronic myeloid leukemia, BCR-ABL1 negative; Clonal hematopoiesis; EBV-positive nodal T- and NK-cell lymphoma; Familial cancer of breast; Immunodeficiency 75; Multiple myeloma; Myelodysplastic syndrome; Nephroblastoma; Squamous cell carcinoma; TET2-related disorder; Third degree atrioventricular block"
TET2-AS1,NA
TEX14,Male infertility with azoospermia or oligozoospermia due to single gene mutation; Non-obstructive azoospermia; Prostate cancer; Spermatogenic failure 23; TEX14-related disorder
TGFBR1,"Abnormal aortic morphology; Abnormal palate morphology; Aortic aneurysm; Aortic aneurysm, familial thoracic 6; Cardiovascular phenotype; Connective tissue disorder; Craniosynostosis syndrome; Disproportionate tall stature; Ehlers-Danlos syndrome; Ehlers-Danlos syndrome, classic type; Familial aortopathy; Familial thoracic aortic aneurysm and aortic dissection; Isolated thoracic aortic aneurysm; Loeys-Dietz syndrome; Loeys-Dietz syndrome 1; Long fingers; Marfan syndrome; Multiple self-healing squamous epithelioma; Myoepithelial tumor; Pectus excavatum; Proportionate tall stature; See cases; TGFBR1-related disorder; Thoracic aortic aneurysm; Thoracic aortic aneurysm or dissection"
TGFBR2,"Arterial dissection; Ascending tubular aorta aneurysm; Cardiovascular phenotype; Colorectal cancer, hereditary nonpolyposis, type 6; Congenital aneurysm of ascending aorta; Connective tissue disorder; Diabetic retinopathy; Ehlers-Danlos syndrome; Familial colorectal cancer; Familial thoracic aortic aneurysm and aortic dissection; Hepatoblastoma; Inborn genetic diseases; Isolated thoracic aortic aneurysm; Loeys-Dietz syndrome; Loeys-Dietz syndrome 1; Loeys-Dietz syndrome 2; Lynch syndrome; Malignant tumor of esophagus; Marfan syndrome; Multiple congenital anomalies/dysmorphic syndrome; TGFBR2-related disorder; Thoracic aortic aneurysm; Thoracic aortic aneurysm or dissection; Thoracic aortic dissection; Vascular dilatation; Wolff-Parkinson-White pattern"
TGFBR3L,NA
TIMM8A,Auditory neuropathy; Deafness dystonia syndrome; Inborn genetic diseases
TIPARP,NA
TMEM43,"Arrhythmogenic right ventricular cardiomyopathy; Arrhythmogenic right ventricular dysplasia 5; Auditory neuropathy, autosomal dominant 3; Cardiomyopathy; Cardiovascular phenotype; Emery-Dreifuss muscular dystrophy 2, autosomal dominant; Emery-Dreifuss muscular dystrophy 7, autosomal dominant; Familial isolated arrhythmogenic right ventricular dysplasia; Hypertrophic cardiomyopathy; Left ventricular noncompaction cardiomyopathy; Long QT syndrome; Primary dilated cardiomyopathy; Primary familial hypertrophic cardiomyopathy; See cases; Sudden cardiac arrest; TMEM43-related disorder"
TMPRSS2,Associated with severe COVID-19 disease; EBV-positive nodal T- and NK-cell lymphoma; Prostate cancer; TMPRSS2-related disorder
TNFAIP3,"A20 haploinsufficiency; Autoinflammatory syndrome, familial, Behcet-like; Autoinflammatory syndrome, familial, Behcet-like 1; Inborn genetic diseases; See cases; TNFAIP3-related disorder"
TNFRSF14,NA
TNFRSF6B,"Dyskeratosis congenita, autosomal recessive 5; Long QT syndrome; TNFRSF6B-related disorder"
TNFRSF8,Prostate cancer
TNFSF11,Autosomal recessive osteopetrosis 2; Disorder of bone; Inborn genetic diseases; TNFSF11-related disorder
TOE1,Inborn genetic diseases; Pontocerebellar hypoplasia type 7; See cases; TOE1-related disorder
TOP1,"Autism spectrum disorder; DNA topoisomerase I, camptothecin-resistant; TOP1-related disorder"
TP53,"ADRENOCORTICAL CARCINOMA, PEDIATRIC; Acute megakaryoblastic leukemia; Acute myeloid leukemia; Adenocarcinoma; Adrenal cortex carcinoma; Adrenocortical carcinoma, hereditary; Anaplastic/large cell medulloblastoma; Astrocytoma; Astrocytoma, anaplastic; Atypical endometrial hyperplasia; Atypical teratoid rhabdoid tumor; B-cell chronic lymphocytic leukemia; Basal cell carcinoma, susceptibility to, 7; Bone marrow failure syndrome 5; Bone osteosarcoma; Breast adenocarcinoma; Breast and/or ovarian cancer; Breast carcinoma; Breast neoplasm; Breast-ovarian cancer, familial, susceptibility to, 1; Breast-ovarian cancer, familial, susceptibility to, 2; Breast-ovarian cancer, familial, susceptibility to, 3; Carcinoma of colon; Carcinoma of pancreas; Cervical cancer; Choroid plexus carcinoma; Choroid plexus papilloma; Classic Hodgkin lymphoma; Colonic diverticula; Colonic neoplasm; Colorectal cancer; Colorectal polyposis; Congenital fibrosarcoma; Diamond-Blackfan anemia; Diffuse pediatric-type high-grade glioma, H3-wildtype and IDH-wildtype; Ductal carcinoma in situ; Dyskeratosis congenita; Dyskeratosis congenita, autosomal recessive 3; Endometrial carcinoma; Familial cancer of breast; Familial colorectal cancer; Familial melanoma; Familial ovarian cancer; Familial pancreatic carcinoma; Gallbladder cancer; Gastric cancer; Glioma susceptibility 1; Hepatoblastoma; Hepatocellular carcinoma; Hereditary breast ovarian cancer syndrome; Hereditary cancer; Hereditary cancer-predisposing syndrome; Li-Fraumeni syndrome; Li-Fraumeni syndrome 1; Li-fraumeni-like syndrome; Lip and oral cavity carcinoma; Lung adenocarcinoma; Lung sarcomatoid carcinoma; Lymphoma; Malignant glioma; Malignant lymphoma, large B-cell, diffuse; Malignant tumor of breast; Malignant tumor of esophagus; Malignant tumor of urinary bladder; Mediastinal germ cell tumor; Multiple myeloma; Nasopharyngeal carcinoma; Neoplasm of stomach; Non-Hodgkin lymphoma; Ovarian cancer; Ovarian neoplasm; Pleomorphic xanthoastrocytoma; Poly (ADP-Ribose) polymerase inhibitor response; Prostate cancer; Prostate cancer, hereditary, 1; Rhabdomyosarcoma; Sarcoma; See cases; Small cell carcinoma of the ovary, hypercalcemic type; Squamous cell carcinoma; Squamous cell carcinoma of the head and neck; TP53 POLYMORPHISM; TP53-related disorder; Thyroid cancer, nonmedullary, 1; Thyroid gland undifferentiated (anaplastic) carcinoma"
TP53BP1,Autosomal recessive chorioretinopathy-microcephaly syndrome; Developmental disorder; Inborn genetic diseases; Microcephaly and chorioretinopathy 3; TP53BP1-related disorder; TUBGCP4-related disorder
TP63,"ADULT syndrome; Ankyloblepharon filiforme adnatum-cleft palate syndrome; Ankyloblepharon-ectodermal defects-cleft lip/palate syndrome; Auditory neuropathy; Bladder exstrophy-epispadias-cloacal extrophy complex; Ectodermal dysplasia; Ectrodactyly, ectodermal dysplasia, and cleft lip-palate syndrome 3; Furrowed tongue; Inborn genetic diseases; Limb-mammary syndrome; Male infertility with spermatogenesis disorder; Muscular dystrophy; Orofacial cleft 8; Premature ovarian failure 21; Premature ovarian insufficiency; Prostate cancer; Rapp-Hodgkin syndrome; Skeletal dysplasia; Split hand-foot malformation 4; TP63-Related Spectrum Disorders; TP63-related disorder; TP63-related ectodermal dysplasia; TP63-related ectodermal dysplasia spectrum with limb and orofacial malformations"
TPMT,Azathioprine response; TPMT-related disorder; Thiopurine S-methyltransferase deficiency; Thiopurine response
TRAF2,NA
TSC1,Acute myeloid leukemia; Adenoma sebaceum; Angiofibromas; Astrocytoma; Autism spectrum disorder; Autosomal dominant epilepsy; Cardiac rhabdomyoma; Cleft palate; Cortical dysplasia; Cortical tubers; Craniopharyngioma; Epilepsy; Focal cortical dysplasia of Taylor type 2B; Hamartoma; Hearing impairment; Hereditary cancer; Hereditary cancer-predisposing syndrome; Intellectual disability; Isolated focal cortical dysplasia type II; Keratoconus; Kidney angiomyolipoma; Kidney failure; Lung lymphangioleiomyomatosis; Lymphangiomyomatosis; Malignant tumor of breast; Malignant tumor of urinary bladder; Multiple renal cysts; Neuroblastoma; Ovarian cancer; Primitive neuroectodermal tumor; Renal cortical cysts; Renal insufficiency; See cases; Seizure; TSC1-related disorder; Tuberous sclerosis 1; Tuberous sclerosis syndrome
TSC2,"Abnormal cerebral morphology; Abnormality of the nervous system; Acute myeloid leukemia; Arthralgia; Astroblastoma, MN1-altered; Autism spectrum disorder; Bone osteosarcoma; Cafe-au-lait spot; Colorectal cancer; Congenital anomaly of kidney and urinary tract; Cortical tubers; Cystic fibrosis; Dental enamel pits; Dilated cardiomyopathy 1D; Dystonia, early-onset, and/or spastic paraplegia; Epilepsy; Everolimus response; Familial adenomatous polyposis 3; Focal cortical dysplasia; Hamartoma; Hereditary cancer-predisposing syndrome; Hirschsprung disease, susceptibility to, 1; Hyperextensibility at elbow; Hyperextensible hand joints; Hypertrophic cardiomyopathy 7; Infantile spasms; Inherited polyposis and early onset colorectal cancer - germline testing; Intellectual disability; Isolated focal cortical dysplasia type II; Joint hypermobility; Lung lymphangioleiomyomatosis; Lymphangiomyomatosis; NTHL1-related disorder; Neoplasm; Neoplasm of brain; Neuroblastoma; Neurodevelopmental delay; Neurodevelopmental disorder; Ovarian cancer; Recurrent fever; Renal cyst; Rhabdomyoma; See cases; Seizure; Severe intellectual disability; TSC2-related disorder; Tall stature; Tuberous sclerosis 1; Tuberous sclerosis 2; Tuberous sclerosis and lymphangiomyomatosis; Tuberous sclerosis syndrome; Vascular dementia; Vesicoureteral reflux 8; Xanthinuria type II"
TSHR,"Bladder exstrophy-epispadias-cloacal extrophy complex; Congenital hypothyroidism; Developmental delay; Epilepsy; Familial gestational hyperthyroidism; Familial hyperthyroidism due to mutations in TSH receptor; Graves disease, susceptibility to, 1; Hereditary breast ovarian cancer syndrome; Hyperthyroidism; Hyperthyroidism, Congenital hypothyroidism; Hypothyroidism due to TSH receptor mutations; Inborn genetic diseases; Malignant tumor of breast; Ovarian cancer; Smith-Lemli-Opitz syndrome; THYROID CARCINOMA WITH THYROTOXICOSIS, SOMATIC; TSHR-related disorder; Thyroid adenoma, hyperfunctioning, somatic; autistic features"
TSPAN31,NA
TSPOAP1-AS1,NA
TTC34,NA
TYK2,Immunodeficiency; Immunodeficiency 35; Inborn genetic diseases; Recurrent skin infections; TYK2-related disorder; Virus-induced diabetes
TYMS,"Dyskeratosis congenita; Dyskeratosis congenita, digenic; TYMS-related disorder"
TYMSOS,NA
TYRO3,"46,XX disorder of sex development; Hereditary breast ovarian cancer syndrome"
U2AF1L4,NA
UBXN11,NA
USHBP1,NA
VCP,"Adult onset neurodegenerative disorder; Alzheimer disease; Amyotrophic lateral sclerosis; Amyotrophic lateral sclerosis type 6; Charcot-Marie-Tooth disease type 2Y; Childhood Onset VCP-related Neurodevelopmental Disorder; FRONTOTEMPORAL DEMENTIA WITHOUT AMYOTROPHIC LATERAL SCLEROSIS 6, WITH NEUROFIBRILLARY TANGLES; Frontotemporal dementia and/or amyotrophic lateral sclerosis 6; Global developmental delay; INCLUSION BODY MYOPATHY WITHOUT EARLY-ONSET PAGET DISEASE AND FRONTOTEMPORAL DEMENTIA 1; Inborn genetic diseases; Inclusion body myopathy with Paget disease of bone and frontotemporal dementia; Inclusion body myopathy with Paget disease of bone and frontotemporal dementia type 1; Intellectual disability; Lewy body dementia; Neurodevelopmental disorder; Progressive muscle weakness; Spastic paraplegia; VCP-related disorder; VCP-related multisystem proteinopathy"
VEGFA,"Atherosclerosis, susceptibility to; Cholangiocarcinoma; Microvascular complications of diabetes, susceptibility to, 1; Prostate cancer, hereditary, 1; VEGFA-related disorder"
VHL,"Acute leukemia of ambiguous lineage; Au-Kline syndrome; Cerebellar hemangioblastoma; Chuvash polycythemia; Congenital Erythrocytosis; Diffuse midline glioma, H3 K27-altered; Enchondromatosis; Familial infantile myasthenia; Fanconi anemia; Fanconi anemia complementation group D2; Fetal anomalies with a likely genetic cause; Hepatoblastoma; Hereditary cancer; Hereditary cancer-predisposing syndrome; Hereditary pheochromocytoma and paraganglioma; Inherited phaeochromocytoma and paraganglioma excluding NF1; Lung sarcomatoid carcinoma; Maffucci syndrome; Nonpapillary renal cell carcinoma; Ovarian cancer; Pancreatic cysts; Papillary renal cell carcinoma type 1; Pheochromocytoma; Polycythemia; RENAL CELL CARCINOMA WITH PARANEOPLASTIC ERYTHROCYTOSIS; Renal cyst; Retinal capillary hemangioma; See cases; Skin adenoma; Spinal hemangioblastoma; Tuberous sclerosis 2; VHL-related disorder; Von Hippel-Lindau syndrome"
VRK2,NA
VTCN1,NA
WAS,"Abnormal bleeding; Abnormality of blood and blood-forming tissues; Inborn genetic diseases; THROMBOCYTOPENIA, X-LINKED, INTERMITTENT; Thrombocytopenia; Thrombocytopenia 1; WAS-related disorder; WISKOTT-ALDRICH SYNDROME, ATTENUATED; Wiskott-Aldrich syndrome; X-Linked Neutropenia (XLN); X-linked severe congenital neutropenia"
WISP3,NA
WNK1,"Charcot-Marie-Tooth disease; Hereditary motor and sensory neuropathy; Hereditary neuropathy or pain disorder; Inborn genetic diseases; Neuropathy, hereditary sensory and autonomic, type 2A; Peripheral neuropathy; Pseudohypoaldosteronism type 2C; See cases; Variant of unknown significance; WNK1-related disorder"
WT1,"11p partial monosomy syndrome; Acute myeloid leukemia; Ambiguous genitalia; Aniridia 1; Atypical hemolytic-uremic syndrome; Cholestasis; Chronic kidney disease; Corticosteroids response; Differences in sex development; Disorder of sexual differentiation; Drash syndrome; Familial idiopathic steroid-resistant nephrotic syndrome; Finnish congenital nephrotic syndrome; Focal segmental glomerulosclerosis; Frasier syndrome; Gonadal dysgenesis; Gonadal tissue inappropriate for external genitalia or chromosomal sex; Hereditary cancer; Hereditary cancer-predisposing syndrome; Inborn genetic diseases; Kidney disorder; Leber congenital amaurosis 10; Male infertility with azoospermia or oligozoospermia due to single gene mutation; Meacham syndrome; Mesothelioma; Mesothelioma, malignant; Microscopic hematuria; Mixed phenotype acute leukemia with t(v%3B11q23.3); Nephroblastoma; Nephrotic range proteinuria; Nephrotic syndrome; Nephrotic syndrome, type 4; Ovarian cancer; Precursor B-cell acute lymphoblastic leukemia; Premature ovarian failure; Proteinuria; Steroid-resistant nephrotic syndrome; WT1-related Wilms tumor; WT1-related disorder; Wilms tumor 1"
WT1-AS,NA
WWTR1,NA
XPC,"Familial prostate cancer; Hereditary cancer; Hereditary cancer-predisposing syndrome; Inborn genetic diseases; Ovarian cancer; See cases; XPC-related disorder; Xeroderma pigmentosum; Xeroderma pigmentosum group A; Xeroderma pigmentosum, group C"
XPO1,Seizure; XPO1-associated Neurodevelopmental Disorder; XPO1-related neurodevelopmental disorder
XRCC1,"Laryngeal squamous cell carcinoma; Platinum compounds response - Efficacy; Spinocerebellar ataxia, autosomal recessive 26; XRCC1-related disorder"
XRN1,Neurodevelopmental disorder
YES1,NA
ZBTB17,Primary dilated cardiomyopathy; ZBTB17-related disorder
ZBTB22,NA
ZBTB32,NA
ZFHX3,"Atrial fibrillation, familial, 8; Autism spectrum disorder; Developmental disorder; EBV-positive nodal T- and NK-cell lymphoma; Epilepsy, idiopathic generalized 20; Familial prostate cancer; Genetic developmental and epileptic encephalopathy; Intellectual disability; Moyamoya angiopathy; Neurodevelopmental abnormality; Neurodevelopmental delay; Neurodevelopmental disorder; Prostate cancer, somatic; Short stature; Syndromic intellectual disability; ZFHX3-associated disorder; ZFHX3-associated neurodevelopmental disorder; ZFHX3-related disorder"
ZFHX3-AS1,NA
ZNF217,NA
ZNF276,NA
ZNF703,NA
ZSCAN25,NA
